Routine name,Bank,Return type,Callers
AddVelocitySubpixelY,13,near,none
AdvanceFrame,12,far,none
ApplyDamage,7,far,"ProcessAttackerAttacks(gosub,near)"
ApplyFriction,unknown,near,none
ApplyGuardColor,6,near,none
ApplyMomentumAndRecovery,8,far,"GameMainLoop(gosub,far)"
ApplyUrsuloKnockUp,7,far,"ApplyDamage(goto,near)"
AreaHitbox,7,far,"CalculateAttackHitbox(goto,near)"
ArenaSelect1,14,far,"MainLoopModeArenaSelect(gosub,far)"
ArenaSelect1Loop,14,near,"ArenaSelectConfirm(goto,near)"
ArenaSelectConfirm,14,near,"DisplayDone(goto,near)"
ArenaSelectDoneDrawP0,14,near,"ArenaSelectDrawCharacters(goto,near); ArenaSelectDrawCharacters(goto,near); ArenaSelectDrawCharacters(goto,near)"
ArenaSelectDoneDrawP1,14,near,"ArenaSelectDoneDrawP0(goto,near); ArenaSelectDoneDrawP0(goto,near); ArenaSelectDoneDrawP0(goto,near)"
ArenaSelectDoneDrawP2,14,near,"ArenaSelectDoneDrawP1(goto,near); ArenaSelectDoneDrawP1(goto,near); ArenaSelectDoneDrawP1(goto,near)"
ArenaSelectDoneDrawP23,14,near,"ArenaSelectDoneDrawP1(goto,near); ArenaSelectDoneDrawP2(goto,near); ArenaSelectDoneDrawP2(goto,near); ArenaSelectDoneDrawP2(goto,near); ArenaSelectDoneDrawP2(goto,near)"
ArenaSelectDrawCharacters,14,near,"ArenaSelect1Loop(gosub,near)"
ArenaSelectLeft,14,near,"IncrementFireHold(goto,near)"
ArenaSelectLeftSound,14,near,"ArenaSelectLeft(goto,near); ArenaSelectLeft(goto,near)"
ArenaSelectRight,14,near,"ArenaSelectLeftSound(goto,near)"
ArenaSelectRightSound,14,near,"ArenaSelectRight(goto,near); ArenaSelectRight(goto,near)"
AttractMode,14,near,none
AuthorPrelude,14,far,"MainLoopModeAuthorPrelude(gosub,far)"
AuthorPreludeComplete,14,far,none
Bank2Dispatch,9,far,"LocateCharacterArt(goto,near)"
Bank3Dispatch,9,far,"LocateCharacterArt(goto,near)"
Bank4Dispatch,9,far,"LocateCharacterArt(goto,near)"
Bank5Dispatch,9,far,"LocateCharacterArt(goto,near)"
BeginArenaSelect,14,far,"SetupArenaSelect(gosub,far)"
BeginAttractMode,14,near,"SetupAttract(gosub,near)"
BeginAuthorPrelude,14,near,"SetupAuthorPrelude(gosub,near)"
BeginFallingAnimation,14,far,"SetupFallingAnimation(gosub,far)"
BeginGameLoop,11,far,"SetupGame(gosub,far); FallingComplete1(gosub,far)"
BeginPublisherPrelude,14,near,"SetupPublisherPrelude(gosub,near)"
BeginTitleScreen,14,near,"SetupTitle(gosub,near)"
BeginWinnerAnnouncement,14,far,"SetupWinner(gosub,far)"
BernieAttack,10,far,"DispatchCharacterAttack(goto,near)"
BernieCheckBottomWrap,12,far,"BernieJump(goto,near)"
BernieJump,12,far,"PJI_BernieFallThrough(gosub,far); PUI_BernieFallThrough(gosub,far); DispatchCharacterJump(gosub,far); HUIEB_BernieFallThrough(gosub,far)"
BudgetedCollisionCheck,8,near,none
BudgetedHealthBarPlayer0,6,near,"BudgetedHealthBarUpdate(goto,near)"
BudgetedHealthBarPlayer1,6,near,"BudgetedHealthBarUpdate(goto,near)"
BudgetedHealthBarUpdate,6,near,none
BudgetedMissileCollisionCheck,7,near,none
BudgetedMissileCollisionCheck2P,7,near,none
CCJ_ConvertPlayerXToPlayfieldColumn,12,far,"GravityCheckCharacter(gosub,far); BernieJump(gosub,far); CCJ_FreeFlightCharacterJump(gosub,far); RoboTitoCannotStretch(gosub,far); GroundSearchDone(gosub,far)"
CCJ_FreeFlightCharacterJump,12,far,"DragonOfStormsJump(goto,near); FrootyJump(goto,near)"
CCJ_FreeFlightUp,12,far,"CCJ_FreeFlightCharacterJump(gosub,near)"
CDP_CheckGenesis,13,far,"DetectPads(goto,near); DetectPads(goto,near)"
CDP_DetectGenesis,13,far,"CDP_CheckGenesis(gosub,near)"
CDP_DetectJoy2bPlus,13,far,"CDP_CheckGenesis(gosub,near)"
CDP_MergeStatus,13,far,"CDP_QuadtariFound(goto,near)"
CDP_NoGenesisLeft,13,far,none
CDP_NoGenesisRight,13,far,none
CDP_NoJoy2Left,13,far,none
CDP_NoJoy2Right,13,far,none
CDP_QuadtariFound,13,far,"DetectPads(goto,near)"
CEJB_CheckPlayer0,10,far,none
CEJB_CheckPlayer0Joy2bPlus,10,far,"CEJB_CheckPlayer0(goto,near)"
CEJB_CheckPlayer2,10,far,none
CEJB_CheckPlayer2Joy2bPlus,10,far,none
CEJB_Done,10,far,"CheckEnhancedJumpButton(goto,near); CEJB_ReadButton0(goto,near); CEJB_ReadButton2(goto,near)"
CEJB_ReadButton0,10,far,"CEJB_CheckPlayer0Joy2bPlus(goto,near)"
CEJB_ReadButton2,10,far,"CEJB_CheckPlayer2Joy2bPlus(goto,near)"
CEP_CheckPlayer1,13,far,"CheckEnhancedPause(goto,near)"
CEP_CheckPlayer2,13,far,"CheckEnhancedPause(goto,near)"
CGM_ThunkArenaSelect,14,far,none
CGM_ThunkAttract,14,far,none
CGM_ThunkAuthorPrelude,14,far,none
CGM_ThunkCharacterSelect,14,far,none
CGM_ThunkFallingAnimation,14,far,none
CGM_ThunkGame,14,far,none
CGM_ThunkPublisherPrelude,14,far,"ChangeGameMode(goto,near)"
CGM_ThunkTitle,14,far,none
CGM_ThunkWinner,14,far,none
CMVE_ApplyAttack,15,far,none
CMVE_ApplyDecay,15,far,none
CMVE_CalcElapsed,15,far,"CalculateMusicVoiceEnvelope(goto,near)"
CMVE_GetVoice0Vars,15,far,none
CPS_WritePlayer2,6,far,"CopyParticipantSpritePosition(goto,near)"
CRTSMC_CheckOtherPlayer,10,near,none
CRTSMC_DoneSelf,10,near,none
CRTSMC_IsRoboTito,10,near,none
CRTSMC_IsStretching,10,near,none
CRTSMC_NextPlayer,10,near,"CRTSMC_PlayerLoop(goto,near); CRTSMC_IsRoboTito(goto,near); CRTSMC_IsRoboTito(goto,near); CRTSMC_IsStretching(goto,near); CRTSMC_CheckOtherPlayer(goto,near)"
CRTSMC_PlayerLoop,10,near,"CRTSMC_NextPlayer(goto,near)"
CacheAOELeftHitbox,8,far,"CheckBernieAOE(gosub,near); CheckAOEDirection_Left(gosub,near)"
CacheAOERightHitbox,8,far,"CheckBernieAOE(gosub,near); CheckAOEDirection_Right(gosub,near)"
CalculateAttackHitbox,7,far,"ProcessAttackerAttacks(gosub,near)"
CalculateMusicVoiceEnvelope,15,far,"UpdateMusicVoice0(gosub,near); UpdateMusicVoice1(gosub,near)"
CalculateSafeFallDistance,8,far,none
ChangeGameMode,14,far,"WarmStart(gosub,far); ColdStart(gosub,far); PublisherPreludeComplete(gosub,far); WinnerAdvanceToCharacterSelect(gosub,far); FallingComplete1(gosub,far); ReturnToCharacterSelect(gosub,far); StartGame1(gosub,far); AuthorPreludeComplete(gosub,far); TitleScreenComplete(gosub,far); AttractMode(gosub,far); CharacterSelectFinish(gosub,far); TransitionToWinner(gosub,far)"
CharacterSelectCheckControllerRescan,6,far,"CharacterSelectInputEntry(gosub,far)"
CharacterSelectCheckReady,9,far,none
CharacterSelectCompleted,unknown,near,"CharacterSelectDoneQuadtariPlayersInline(goto,near); CharacterSelectDoneQuadtariPlayersInline(goto,near); CharacterSelectQuadtariReadyInline(goto,near)"
CharacterSelectDetectQuadtari,unknown,near,none
CharacterSelectDoneQuadtariPlayersInline,unknown,near,"SelectStickRight(goto,near)"
CharacterSelectDrawScreen,unknown,near,"CharacterSelectQuadtariReadyInline(gosub,near)"
CharacterSelectEntry,unknown,near,none
CharacterSelectFinish,9,far,"CharacterSelectCheckReady(goto,near); CharacterSelectCheckReady(goto,near); CharacterSelectQuadtariReady(goto,near)"
CharacterSelectHandlePlayer3,unknown,near,none
CharacterSelectHandlePlayer4,unknown,near,none
CharacterSelectHandleQuadtari,unknown,near,"CharacterSelectLoop(goto,near)"
CharacterSelectHandleQuadtariDone,unknown,near,"CharacterSelectHandleQuadtari(goto,near); CharacterSelectHandlePlayer3(goto,near)"
CharacterSelectHandleRandomRolls,9,far,"CharacterSelectInputComplete(gosub,near)"
CharacterSelectHandleTwoPlayers,9,far,"CharacterSelectInputEntry(gosub,near)"
CharacterSelectInputComplete,9,far,"CharacterSelectInputEntry(goto,near)"
CharacterSelectInputEntry,9,far,"MainLoopModeCharacterSelect(gosub,far)"
CharacterSelectLoop,unknown,near,"CharacterSelectQuadtariReadyInline(goto,near)"
CharacterSelectQuadtariAbsent,unknown,near,"CharacterSelectEntry(goto,near); CharacterSelectEntry(goto,near); CharacterSelectEntry(goto,near); CharacterSelectEntry(goto,near); CharacterSelectEntry(goto,near); CharacterSelectEntry(goto,near); CharacterSelectEntry(goto,near); CharacterSelectEntry(goto,near)"
CharacterSelectQuadtariDetected,unknown,near,"CharacterSelectDetectQuadtari(goto,near)"
CharacterSelectQuadtariPlayersInline,unknown,near,none
CharacterSelectQuadtariReady,9,far,"CharacterSelectCheckReady(goto,near)"
CharacterSelectQuadtariReadyInline,unknown,near,none
CharacterSelectReadyDone,9,far,"CharacterSelectCheckReady(goto,near); CharacterSelectCheckReady(goto,near)"
CharacterSelectRollRandomPlayer,9,far,"CharacterSelectHandleRandomRolls(gosub,near)"
CharacterSelectRollRandomPlayerReroll,9,far,none
Check7800Pause,13,far,"Player2PauseDone(goto,near)"
CheckAOECollision,8,far,"CheckAllMissileCollisions(goto,near)"
CheckAOEDirection_Left,8,far,"CheckAOECollision(goto,near)"
CheckAOEDirection_Right,8,far,"CheckAOECollision(goto,near)"
CheckAllMissileCollisions,8,far,"PlayfieldCollisionDone(gosub,far); BudgetedMissileCollisionCheck(gosub,far); BudgetedMissileCollisionCheck2P(gosub,far)"
CheckAllPlayerCollisions,11,far,"GameMainLoopQuadtariSkip(gosub,far)"
CheckAllPlayerEliminations,14,far,"GameMainLoopQuadtariSkip(gosub,far)"
CheckAttackHit,7,far,"ProcessAttackerAttacks(gosub,near)"
CheckBernieAOE,8,far,none
CheckBernieStun,8,far,"CheckFallDamage(goto,near)"
CheckBoundaryCollisions,10,far,"GameMainLoop(gosub,far)"
CheckCollisionP1vsP2,8,near,"BudgetedCollisionCheck(gosub,near)"
CheckCollisionP1vsP3,8,near,"BudgetedCollisionCheck(gosub,near)"
CheckCollisionP1vsP4,8,near,"BudgetedCollisionCheck(gosub,near)"
CheckCollisionP2vsP3,8,near,"BudgetedCollisionCheck(gosub,near)"
CheckCollisionP2vsP4,8,near,"BudgetedCollisionCheck(gosub,near)"
CheckCollisionP3vsP4,8,near,"BudgetedCollisionCheck(gosub,near)"
CheckCollisionPair,8,near,"CheckCollisionP1vsP2(gosub,near); CheckCollisionP1vsP3(gosub,near); CheckCollisionP1vsP4(gosub,near); CheckCollisionP2vsP3(gosub,near); CheckCollisionP2vsP4(gosub,near); CheckCollisionP3vsP4(gosub,near)"
CheckColorBWToggle,13,far,"Player2PauseDone(gosub,near)"
CheckD1,unknown,unknown,"ConsoleDetHW(goto,near)"
CheckEnhancedJumpButton,10,far,"ProcessJumpInput(gosub,far); HUIEB_EnhancedCheck(gosub,far); HUIEB_StandardEnhancedCheck(gosub,far)"
CheckEnhancedPause,13,far,"HandleConsoleSwitches(gosub,near); Player1PauseDone(gosub,near)"
CheckFallDamage,8,far,"CheckGroundCollision(goto,near)"
CheckFlashed,unknown,unknown,"ConsoleDetHW(goto,near)"
CheckGameEndTransition,11,far,none
CheckGroundCollision,8,far,none
CheckGuardCooldown,6,far,"RoboTitoVoluntaryDrop(gosub,far)"
CheckMissilePlayerCollision,7,far,none
CheckPlayer2HealthUpdate,6,near,none
CheckPlayer3HealthUpdate,6,near,"BudgetedHealthBarUpdate(goto,near)"
CheckPlayer4ActiveFlag,14,far,none
CheckPlayerBoundary,10,far,"CheckBoundaryCollisions(gosub,near)"
CheckPlayerCollision,13,near,none
CheckPlayerElimination,14,far,"CheckAllPlayerEliminations(gosub,far); CheckPlayerBoundary(gosub,far); PlayerDies(gosub,far)"
CheckPlayersAgainstCachedHitbox,8,far,"CheckVisibleMissileCollision(gosub,near); CheckBernieAOE(gosub,near); CheckBernieAOE(gosub,near); CheckAOEDirection_Right(gosub,near); CheckAOEDirection_Left(gosub,near)"
CheckPlayfieldCollisionAllDirections,10,far,"ProcessCollision(gosub,far)"
CheckQuadtariFireHold,14,near,"ArenaSelect1Loop(goto,near)"
CheckRoboTitoStretchMissileCollisions,10,far,"GameEndCheckDone(gosub,far)"
CheckVisibleMissileCollision,8,far,"CheckAllMissileCollisions(goto,near)"
ColdStart,14,far,none
CombatShowDamageIndicator,7,far,none
ConsoleDetHW,unknown,unknown,"CtrlDetConsole(gosub,near)"
ConstrainToScreen,13,near,none
ConvertToBCD,11,far,"P3ConvertHealth(gosub,near); P4ConvertHealth(gosub,near)"
CopyGlyphToPlayer,16,far,"LoadCharacterSprite(gosub,far); LoadCharacterSprite(gosub,far); LoadCharacterSprite(gosub,far)"
CopyParticipantSpritePosition,6,far,"SetSpritePositions(gosub,near)"
CountRemainingPlayers,14,far,"CheckAllPlayerEliminations(gosub,far)"
CtrlDetConsole,13,far,none
DWS_CheckThird,16,far,"DWS_RankLoop(goto,near)"
DWS_GetBWMode,16,far,"ReloadArenaColorsDispatch(gosub,far); LoadArenaDispatch(gosub,far); LoadArenaRandom(gosub,far)"
DWS_Hide2Player,16,far,none
DWS_Hide2PlayerDone,16,far,"DWS_Position2Players(goto,near)"
DWS_Hide3Player2,16,far,none
DWS_Hide3Player2Done,16,far,"DWS_Position3Players(goto,near)"
DWS_Hide3Player3,16,far,none
DWS_Hide3Player3Done,16,far,"DWS_Hide3Player2Done(goto,near)"
DWS_HidePlayers123,16,far,"DWS_Position1Player(gosub,near); DWS_Hide2PlayerDone(gosub,near)"
DWS_LoadColorColors,16,far,"DisplayWinScreen(gosub,near)"
DWS_LoadIdleSprite,16,far,"DWS_Position1Player(gosub,near); DWS_Position2Players(gosub,near); DWS_Position2Players(gosub,near); DWS_Position3Players(gosub,near); DWS_Position3Players(gosub,near); DWS_Hide3Player2Done(gosub,near)"
DWS_Position1Player,16,far,none
DWS_Position2Players,16,far,none
DWS_Position3Players,16,far,"DWS_RankNext(goto,near)"
DWS_RankLoop,16,far,"DWS_RankNext(goto,near)"
DWS_RankNext,16,far,"DWS_UpdateSecond(goto,near)"
DWS_UpdateSecond,16,far,none
DeactivateMissile,7,far,"GravityDone(goto,near); GravityDone(goto,near); GravityDone(goto,near); FrootyRicochetBottom(goto,near); HandleMissileDamage(goto,near); MissileSystemNoHit(goto,near); MissileSystemNoHit(goto,near); HandleMegaxMissile(goto,near); HandleKnightGuyMissile(goto,near)"
DeactivatePlayerMissiles,12,near,none
DetectPads,13,far,"HandleConsoleSwitches(gosub,far); Player1PauseDone(gosub,far); CheckColorBWToggle(gosub,far); CharacterSelectCheckControllerRescan(gosub,far); CharacterSelectCheckControllerRescan(gosub,far)"
DispatchCharacterAttack,10,far,"PAI_ExecuteAttack(gosub,far); HGI_CheckRadishGoblinRelease1(gosub,far); HGI_CheckRadishGoblinRelease2(gosub,far)"
DispatchCharacterJump,10,far,"ProcessJumpInput(gosub,far); PJI_ZoeJumpCheck(gosub,far); HUIEB_JumpProceed(gosub,far)"
DisplayCF2026,11,far,"UpdatePlayer34HealthBars(goto,near)"
DisplayDone,14,near,"DrawTensDigit(goto,near)"
DisplayHealth,11,far,"GameEndCheckDone(gosub,far)"
DisplayRandomArena,14,near,"ArenaSelectRightSound(goto,near)"
DisplayWinScreen,16,far,"WinnerAnnouncementLoop(gosub,far)"
DivideBy100,8,far,none
DivideBy20,8,far,none
DoneLeftPortMovement,8,near,"InputHandleLeftPortPlayerFunction(goto,near); InputHandleLeftPortPlayerFunction(goto,near); DoneLeftPortMovement(goto,near)"
DoneParticipant1Flash,11,far,"DisplayHealth(goto,near); DisplayHealth(goto,near)"
DonePauseToggle,14,near,"Joy2bPauseDone(goto,near); Joy2bPauseDone(goto,near); Joy2bPauseDone(goto,near); Joy2bPauseDone(goto,near)"
DonePlayer1Init,14,far,none
DonePlayer1Move,11,far,none
DonePlayer2HealthUpdate,6,near,none
DonePlayer2Init,14,far,none
DonePlayer2Move,11,far,none
DonePlayer3Flash,11,far,"DoneParticipant1Flash(goto,near); DoneParticipant1Flash(goto,near); DoneParticipant1Flash(goto,near); DoneParticipant1Flash(goto,near); DoneParticipant1Flash(goto,near)"
DonePlayer3Init,14,far,none
DonePlayer3Move,11,far,none
DonePlayer3Sprite,6,near,"Player2ColorDone(goto,near); Player2ColorDone(goto,near); Player2ColorDone(goto,near)"
DonePlayer4Flash,11,far,"DonePlayer3Flash(goto,near); DonePlayer3Flash(goto,near); DonePlayer3Flash(goto,near); DonePlayer3Flash(goto,near); DonePlayer3Flash(goto,near)"
DonePlayer4Init,14,far,none
DonePlayer4Move,11,far,none
DonePlayer4Sprite,6,near,"DonePlayer3Sprite(goto,near); DonePlayer3Sprite(goto,near); DonePlayer3Sprite(goto,near)"
DoneRightPortMovement,8,near,"InputHandleRightPortPlayerFunction(goto,near); InputHandleRightPortPlayerFunction(goto,near); InputHandleRightPortPlayerFunction(goto,near); InputHandleRightPortPlayerFunction(goto,near); DoneRightPortMovement(goto,near)"
DoneSwitchChange,13,far,none
DragonOfStormsDown,13,far,"HGI_HandleDownPressed(goto,near); HGI_HandleDownPressed(goto,near); HGI_HandleDownPressed1(goto,near); HGI_HandleDownPressed2(goto,near)"
DragonOfStormsJump,12,far,"DispatchCharacterJump(gosub,far)"
DrawParadeCharacter,14,far,"DrawTitleScreen(gosub,far)"
DrawParadeCharacterSprite,14,far,none
DrawTensDigit,14,near,"ArenaSelectRightSound(goto,near)"
DrawTitleScreen,9,far,"MainLoopDrawScreen(gosub,far); TitleDoneQuad(gosub,far); TitleDoneQuad(gosub,far)"
FacingLeft,7,far,"MeleeHitbox(goto,near); MeleeHitbox(goto,near)"
FacingRight,7,far,"MeleeHitbox(goto,near); MeleeHitbox(goto,near)"
FallDamageApplyGravity,8,far,none
FallingAnimation1,11,far,"DonePlayer4Move(goto,near); MainLoopModeFallingAnimation(gosub,far)"
FallingComplete1,11,far,none
FindLastEliminated,14,far,"FindWinner(goto,near); FindWinner(goto,near)"
FindWinner,14,far,"CheckAllPlayerEliminations(gosub,far)"
FrootyAttack,8,far,"DispatchCharacterAttack(goto,near); GameMainLoop(gosub,far)"
FrootyButtonHeld,8,far,"FrootyAttack(goto,near)"
FrootyButtonReleased,8,far,"FrootyAttack(goto,near); FrootyCheckJoy0(goto,near)"
FrootyChargeDone,8,far,"FrootyUpdateFrameCounter(goto,near); FrootyButtonReleased(goto,near)"
FrootyCheckJoy0,8,far,"FrootyAttack(goto,near)"
FrootyFallDamage,8,far,"HandleFrootyVertical(goto,near)"
FrootyJump,12,far,"DispatchCharacterJump(gosub,far)"
FrootyRicochetBottom,7,far,"FrootyRicochetVerticalCheck(goto,near)"
FrootyRicochetCheck,7,far,"GravityDone(goto,near)"
FrootyRicochetLeft,7,far,"FrootyRicochetCheck(goto,near)"
FrootyRicochetRight,7,far,"FrootyRicochetCheck(goto,near)"
FrootyRicochetTop,7,far,"FrootyRicochetVerticalCheck(goto,near)"
FrootyRicochetVerticalCheck,7,far,"FrootyRicochetCheck(goto,near); FrootyRicochetLeft(goto,near)"
FrootyUpdateFrameCounter,8,far,"FrootyButtonHeld(goto,near); FrootyButtonHeld(goto,near)"
GameEndCheckDone,11,far,"GameMainLoopQuadtariSkip(goto,near); CheckGameEndTransition(goto,near)"
GameMainLoop,11,far,"MainLoopModeGameMainContinue(gosub,far)"
GameMainLoopPaused,11,far,"GameMainLoop(goto,near)"
GameMainLoopQuadtariSkip,11,far,"GameMainLoop(goto,near)"
GetCharacterAttackType,13,near,none
GetCharacterMissileHeight,7,near,none
GetCharacterMissileMaxX,7,near,none
GetCharacterMissileMaxY,7,near,none
GetCharacterWeightValue,7,near,none
GetMissileFlags,7,near,none
GetMissileHeight,7,near,none
GetMissileMomentumX,7,near,none
GetMissileMomentumY,7,near,none
GetMissileWidth,7,near,none
GetPlayerAnimationStateFunction,13,far,"RadishGoblinHandleInput(gosub,far); RadishGoblinHandleInput(gosub,far); HFCM_AttemptMoveLeft(gosub,far); HFCM_AttemptMoveRight(gosub,far); HSHM_AfterLeftSet(gosub,far); HSHM_AfterRightSet(gosub,far); HFCM_LeftApplyDone(gosub,far); HFCM_RightApplyDone(gosub,far); InputHandleLeftPortPlayerFunction(gosub,far); InputHandleRightPortPlayerFunction(gosub,far)"
GetPlayerLocked,6,far,"SelectRenderPlayerPreview(gosub,far); RenderPlayerPreview(gosub,far); SelectUpdateAnimations(gosub,far); SelectStickRight(gosub,far); SelectStickRight(gosub,far); CharacterSelectQuadtariPlayersInline(gosub,far); CharacterSelectQuadtariPlayersInline(gosub,far); CharacterSelectDoneQuadtariPlayersInline(gosub,far); CharacterSelectDoneQuadtariPlayersInline(gosub,far); CharacterSelectCheckReady(gosub,far); CharacterSelectCheckReady(gosub,far); CharacterSelectQuadtariReady(gosub,far); InitPositionsDone(gosub,far)"
GetPlayerMissileBitFlag,7,far,"SpawnMissile(gosub,near); UpdateOneMissile(gosub,near)"
GetPlayerPosition,unknown,near,none
GetPlayerVelocity,unknown,near,none
GetWeightBasedDamage,7,far,"ApplyDamage(gosub,near); ApplyDamage(gosub,near)"
GravityCheckBottom,13,near,"GravityCheckCharacter(goto,near)"
GravityCheckCharacter,13,near,"GravityLoop(goto,near)"
GravityDone,7,far,"UpdateOneMissile(goto,near)"
GravityLoop,13,near,"GravityNextPlayer(goto,near)"
GravityNextPlayer,13,near,"GravityPlayerCheck(goto,near); GravityPlayerCheck(goto,near); GravityPlayerCheck(goto,near); GravityCheckCharacter(goto,near); GravityCheckCharacter(goto,near); GravityCheckCharacter(goto,near); GravityCheckCharacter(goto,near); GravityCheckCharacter(goto,near); GravityCheckCharacter(goto,near); GravityCheckCharacter(goto,near); GravityRowCalcDone(goto,near); GravityCheckBottom(goto,near); GravityCheckBottom(goto,near)"
GravityPlayerCheck,13,near,"GravityLoop(goto,near)"
GravityRowCalcDone,13,near,"GravityCheckCharacter(goto,near)"
GroundFound,10,near,"GroundSearchLoop(goto,near)"
GroundSearchBottom,10,near,"GroundSearchLoop(goto,near)"
GroundSearchDone,10,near,"GroundFound(goto,near)"
GroundSearchLoop,10,near,"GroundSearchLoop(goto,near)"
GuardCooldownBlocked,6,far,none
GuardTimerExpired,6,far,none
HCSC_CheckJoy0,9,far,none
HCSC_CheckJoy0Left,9,far,none
HCSC_CheckJoy1Left,9,far,none
HCSC_CycleDone,9,far,"HCSC_CycleLeft(goto,near); HCSC_CycleLeft(goto,near); HCSC_CycleLeft(goto,near); HCSC_CycleLeft(goto,near); HCSC_CycleLeft(goto,near); HCSC_CycleLeft(goto,near); HCSC_CycleRight(goto,near); HCSC_CycleRight(goto,near); HCSC_CycleRight(goto,near); HCSC_CycleRight(goto,near); HCSC_CycleRight(goto,near); HCSC_CycleRight(goto,near)"
HCSC_CycleLeft,9,far,"HandleCharacterSelectCycle(goto,near)"
HCSC_CycleRight,9,far,"HandleCharacterSelectCycle(goto,near)"
HCSC_GetPlayer2Tail,9,far,"HCSC_CycleLeft(gosub,near); HCSC_CycleRight(gosub,near)"
HCSF_CheckJoy0,6,far,none
HCSF_HandleFire,6,far,"HandleCharacterSelectFire(goto,near); HandleCharacterSelectFire(goto,near); HCSF_CheckJoy0(goto,near)"
HCSF_HandleHandicap,6,far,none
HCSF_HandleRandom,6,far,"HCSF_HandleFire(goto,near)"
HCSF_HandleRandomSound,6,far,"HCSF_HandleRandom(goto,near)"
HFCM_AttemptMoveLeft,7,far,"HandleFlyingCharacterMovement(gosub,far)"
HFCM_AttemptMoveRight,7,far,"HFCM_CheckRightJoy0(gosub,far)"
HFCM_CheckLeftCollision,unknown,far,"HandleFlyingCharacterMovement(goto,near); HFCM_UseJoy0(goto,near)"
HFCM_CheckRight,12,far,"HandleFlyingCharacterMovement(goto,near); HandleFlyingCharacterMovement(goto,near); HandleFlyingCharacterMovement(goto,near)"
HFCM_CheckRightJoy0,unknown,far,"HFCM_CheckRightMovement(goto,near); HFCM_CheckRightMovement(goto,near)"
HFCM_CheckRightMovement,unknown,far,"HandleFlyingCharacterMovement(goto,near); HFCM_UseJoy0(goto,near); HFCM_CheckLeftCollision(goto,near); HFCM_CheckLeftCollision(goto,near); HFCM_CheckLeftCollision(goto,near)"
HFCM_CheckVertical,12,far,"HFCM_CheckRight(goto,near); HFCM_CheckRightJoy0(goto,near); HFCM_CheckRightJoy0(goto,near)"
HFCM_DoRightMovement,unknown,far,"HFCM_CheckRightMovement(goto,near)"
HFCM_LeftApplyDone,unknown,far,"HFCM_MoveLeftOK(goto,near); HFCM_MoveLeftOK(goto,near)"
HFCM_MoveLeftOK,unknown,far,"HFCM_CheckLeftCollision(goto,near)"
HFCM_MoveRightOK,unknown,far,"HFCM_DoRightMovement(goto,near)"
HFCM_RightApplyDone,unknown,far,"HFCM_MoveRightOK(goto,near); HFCM_MoveRightOK(goto,near)"
HFCM_UseJoy0,unknown,far,"HandleFlyingCharacterMovement(goto,near)"
HGI_CheckGuardRelease,12,far,"HGI_CheckJoy0(goto,near); HandleGuardInput(goto,near); HGI_CheckJoy0(goto,near)"
HGI_CheckGuardRelease1,unknown,far,"DoneLeftPortMovement(goto,near); HGI_CheckJoy0_1(goto,near)"
HGI_CheckGuardRelease2,unknown,far,"DoneRightPortMovement(goto,near); HGI_CheckJoy0_2(goto,near)"
HGI_CheckJoy0,12,far,"HandleGuardInput(goto,near); HandleGuardInput(goto,near)"
HGI_CheckJoy0_1,unknown,far,"DoneLeftPortMovement(goto,near); DoneLeftPortMovement(goto,near)"
HGI_CheckJoy0_2,unknown,far,"DoneRightPortMovement(goto,near); DoneRightPortMovement(goto,near)"
HGI_CheckRadishGoblinRelease1,unknown,far,"HGI_CheckGuardRelease1(goto,near)"
HGI_CheckRadishGoblinRelease2,unknown,far,"HGI_CheckGuardRelease2(goto,near)"
HGI_HandleDownPressed,12,far,"HandleGuardInput(goto,near)"
HGI_HandleDownPressed1,unknown,far,"DoneLeftPortMovement(goto,near)"
HGI_HandleDownPressed2,unknown,far,"DoneRightPortMovement(goto,near)"
HGI_HandleRadishGoblinDown1,unknown,far,"HGI_HandleDownPressed1(goto,near)"
HGI_HandleRadishGoblinDown2,unknown,far,"HGI_HandleDownPressed2(goto,near)"
HSHM_AfterLeftSet,unknown,far,"HSHM_HandleLeft(goto,near)"
HSHM_AfterRightSet,unknown,far,"HSHM_HandleRight(goto,near)"
HSHM_CheckRight,unknown,far,"HandleStandardHorizontalMovement(goto,near); HSHM_UseJoy0(goto,near)"
HSHM_CheckRightJoy0,unknown,far,"HSHM_CheckRight(goto,near); HSHM_CheckRight(goto,near)"
HSHM_HandleLeft,unknown,far,"HandleStandardHorizontalMovement(goto,near)"
HSHM_HandleRight,unknown,far,"HSHM_CheckRight(goto,near)"
HSHM_UseJoy0,unknown,far,"HandleStandardHorizontalMovement(goto,near); HandleStandardHorizontalMovement(goto,near)"
HUIEB_BernieFallThrough,unknown,far,"HUIEB_HandleUp(goto,near)"
HUIEB_CheckEnhanced,unknown,far,"HandleUpInputAndEnhancedButton(goto,near); HUIEB_UseJoy0(goto,near); HUIEB_HandleUp(goto,near)"
HUIEB_EnhancedCheck,unknown,far,"HUIEB_CheckEnhanced(goto,near); HUIEB_CheckEnhanced(goto,near); HUIEB_CheckEnhanced(goto,near); HUIEB_CheckEnhanced(goto,near)"
HUIEB_ExecuteJump,unknown,far,"HUIEB_EnhancedCheck(goto,near)"
HUIEB_HandleUp,unknown,far,"HandleUpInputAndEnhancedButton(goto,near)"
HUIEB_HarpyFlap,unknown,far,"HUIEB_HandleUp(goto,near)"
HUIEB_JumpDone,unknown,far,none
HUIEB_JumpProceed,unknown,far,"HUIEB_ExecuteJump(goto,near)"
HUIEB_RoboTitoAscend,unknown,far,"HUIEB_HandleUp(goto,near)"
HUIEB_RoboTitoLatch,unknown,far,"HUIEB_RoboTitoAscend(goto,near); HUIEB_RoboTitoAscend(goto,near)"
HUIEB_StandardEnhancedCheck,unknown,far,"HUIEB_CheckEnhanced(goto,near)"
HUIEB_UseJoy0,unknown,far,"HandleUpInputAndEnhancedButton(goto,near); HandleUpInputAndEnhancedButton(goto,near)"
HandleAnimationTransition,12,far,"HandleFrame7Transition(gosub,near)"
HandleAttackTransition,12,far,none
HandleCharacterSelectCycle,9,far,"HCSC_CheckJoy0(goto,near); CharacterSelectHandleTwoPlayers(gosub,near); CharacterSelectHandleTwoPlayers(gosub,near); CharacterSelectHandleTwoPlayers(gosub,near); CharacterSelectHandleTwoPlayers(gosub,near)"
HandleCharacterSelectFire,6,far,"HandleCharacterSelectPlayerInput(gosub,far); HandleCharacterSelectPlayerInput(gosub,far); CharacterSelectHandleTwoPlayers(gosub,far); CharacterSelectHandleTwoPlayers(gosub,far)"
HandleCharacterSelectPlayerInput,unknown,near,"CharacterSelectLoop(gosub,near); CharacterSelectLoop(gosub,near); CharacterSelectHandlePlayer3(gosub,near); CharacterSelectHandlePlayer4(gosub,near)"
HandleConsoleSwitches,13,far,"GameMainLoop(gosub,far)"
HandleExecuteEnd,12,far,none
HandleFlyingCharacterMovement,12,far,"DoneLeftPortMovement(gosub,far); DoneRightPortMovement(gosub,far); DoneLeftPortMovement(gosub,far); DoneRightPortMovement(gosub,far)"
HandleFrame7Transition,12,far,"AdvanceFrame(goto,near)"
HandleFrootyVertical,8,far,none
HandleGuardInput,12,far,"DoneLeftPortMovement(gosub,far); DoneLeftPortMovement(gosub,far); DoneRightPortMovement(gosub,far); DoneRightPortMovement(gosub,far)"
HandleHarpySwoopAttack,8,far,none
HandleKnightGuyMissile,7,near,"UpdateOneMissile(goto,near)"
HandleMegaxMissile,7,near,"UpdateOneMissile(goto,near)"
HandleMissileBounce,7,far,"FrootyRicochetBottom(gosub,near)"
HandleMissileDamage,7,far,"PlayfieldCollisionDone(goto,near)"
HandleMissileHit,7,far,"HandleMissileDamage(gosub,near)"
HandlePauseInput,14,near,none
HandleRecoveryEnd,12,far,none
HandleRoboTitoStretchMissileHit,10,near,"CRTSMC_CheckOtherPlayer(gosub,near)"
HandleStandardHorizontalMovement,unknown,far,"InputHandleLeftPortPlayerFunction(gosub,near); InputHandleRightPortPlayerFunction(gosub,near)"
HandleUpInputAndEnhancedButton,unknown,far,"DoneLeftPortMovement(gosub,near); DoneRightPortMovement(gosub,near)"
HarpyAttack,10,far,"DispatchCharacterAttack(goto,near)"
HarpyBoostDiveVelocity,7,near,none
HarpyCheckDive,7,far,"HandleMissileHit(goto,near)"
HarpyCheckDiveVelocity,7,far,"SpawnMissile(goto,near)"
HarpyDive,8,far,"HandleHarpySwoopAttack(goto,near)"
HarpyDown,13,far,"HGI_HandleDownPressed(goto,near); HGI_HandleDownPressed(goto,near); HGI_HandleDownPressed1(goto,near); HGI_HandleDownPressed2(goto,near)"
HarpyExecute,12,far,"HandleExecuteEnd(goto,near)"
HarpyFlapRecord,12,far,"HarpyJump(goto,near)"
HarpyJump,12,far,"PJI_HarpyFlap(gosub,far); PUI_HarpyFlap(gosub,far); DispatchCharacterJump(gosub,far); HUIEB_HarpyFlap(gosub,far)"
HarpyNormalDown,13,far,"HarpyDown(goto,near)"
HarpySetDive,13,far,none
HarpySetLeftVelocity,10,near,none
HarpySetVerticalVelocity,10,near,none
IncrementFireHold,14,near,"ArenaSelect1Loop(goto,near)"
Init4PlayerPositions,11,far,none
InitPositionsDone,11,far,"BeginGameLoop(goto,near)"
InitializeAnimationSystem,12,far,none
InitializeHealthBars,11,far,"InitPositionsDone(gosub,far)"
InitializeMovementSystem,13,near,none
InitializeSpritePointers,14,far,"ColdStart(gosub,far); BeginGameLoop(gosub,far)"
InputDonePlayer0Input,8,far,"InputHandleAllPlayers(goto,near); InputHandleAllPlayers(goto,near)"
InputDonePlayer1Input,8,far,"InputDonePlayer0Input(goto,near); InputDonePlayer0Input(goto,near); InputDonePlayer0Input(goto,near); InputDonePlayer0Input(goto,near)"
InputDonePlayer3Input,8,far,"InputHandleQuadtariPlayers(goto,near); InputHandleQuadtariPlayers(goto,near); InputHandleQuadtariPlayers(goto,near); InputHandleQuadtariPlayers(goto,near)"
InputDonePlayer4Input,8,far,"InputDonePlayer3Input(goto,near); InputDonePlayer3Input(goto,near); InputDonePlayer3Input(goto,near); InputDonePlayer3Input(goto,near)"
InputHandleAllPlayers,8,far,"GameMainLoop(gosub,far)"
InputHandleLeftPortPlayerFunction,8,near,"InputHandleAllPlayers(gosub,near); InputHandleQuadtariPlayers(gosub,near); InputHandleAllPlayers(gosub,near); InputHandleQuadtariPlayers(gosub,near)"
InputHandlePlayer1,8,far,"InputDonePlayer0Input(goto,near); InputDonePlayer0Input(goto,near)"
InputHandleQuadtariPlayers,8,far,"InputHandleAllPlayers(goto,near); InputHandleAllPlayers(goto,near)"
InputHandleRightPortPlayerFunction,8,near,"InputHandlePlayer1(gosub,near); InputDonePlayer3Input(gosub,near); InputHandlePlayer1(gosub,near); InputDonePlayer3Input(gosub,near)"
Is2600,unknown,unknown,"ConsoleDetHW(goto,near); CheckD1(goto,near); CheckFlashed(goto,near); CheckFlashed(goto,near)"
Is7800,unknown,unknown,"CheckD1(goto,near)"
IsChaotica,15,far,"PlayMusic(goto,near)"
IsCharacterMelee,13,near,none
IsCharacterRanged,13,near,none
IsPlayerAlive,13,far,"InputHandleAllPlayers(gosub,far); InputDonePlayer0Input(gosub,far); InputHandleQuadtariPlayers(gosub,far); InputDonePlayer3Input(gosub,far); InputHandleAllPlayers(gosub,far); InputDonePlayer0Input(gosub,far); InputHandleQuadtariPlayers(gosub,far); InputDonePlayer3Input(gosub,far)"
IsPlayerEliminated,13,far,"FindWinner(gosub,far)"
Joy2bPauseDone,14,near,none
KnightGuyAttackActive,7,near,none
KnightGuySetPosition,7,near,"KnightGuyAttackActive(goto,near)"
KnightGuySetY,7,near,"KnightGuySetPosition(goto,near)"
KnightGuySwingLeft,7,near,none
KnightGuySwingOut,7,near,none
KnockbackDone,7,far,"WeightBasedKnockbackApply(goto,near)"
LAR_LoadBWColors,16,far,"LoadArenaRandom(goto,near)"
LA_LoadBWColors,16,far,"LoadArenaDispatch(goto,near)"
LSP_InvalidSong,1,far,"LoadSongPointer(goto,near); LoadSongPointer(goto,near)"
LSV1P_InvalidSong,1,far,"LoadSongVoice1PointerBank1(goto,near); LoadSongVoice1PointerBank1(goto,near)"
LoadArena,16,far,"InitPositionsDone(gosub,far)"
LoadArenaByIndex,16,far,"ReloadArenaColorsDispatch(gosub,far); LoadArenaDispatch(gosub,far); LoadArenaRandom(gosub,far)"
LoadArenaColorsBW,16,far,"LA_LoadBWColors(gosub,near); LAR_LoadBWColors(gosub,near)"
LoadArenaColorsColor,16,far,"ReloadArenaColorsDispatch(gosub,far); LoadArenaRandom(gosub,far)"
LoadArenaDispatch,16,far,none
LoadArenaRandom,16,far,none
LoadCharacterColors,14,far,"SetPlayerSprites(gosub,far); SetPlayerSprites(gosub,far); Player2ColorDone(gosub,far); DonePlayer3Sprite(gosub,far)"
LoadCharacterSprite,16,far,"DWS_LoadIdleSprite(gosub,far); RenderPlayerPreview(gosub,far); SetPlayerSprites(gosub,far); Player2ColorDone(gosub,far); Player3ColorDone(gosub,far); Player4ColorDone(gosub,far); DrawParadeCharacterSprite(gosub,far)"
LoadMusicNote0,1,far,"UpdateMusicVoice0(gosub,far)"
LoadMusicNote0Bank15,15,near,"UpdateMusicVoice0(gosub,near)"
LoadMusicNote1,1,far,"UpdateMusicVoice1(gosub,far)"
LoadMusicNote1Bank15,15,near,"UpdateMusicVoice1(gosub,near)"
LoadPlayerSprite,16,far,"UpdateSprite(gosub,far); SetPlayerAnimation(gosub,far)"
LoadSongFromBank15,15,far,"StartMusic(goto,near)"
LoadSongPointer,1,far,"StartMusic(gosub,far)"
LoadSongPointerBank15,15,near,"LoadSongFromBank15(gosub,near)"
LoadSongPointersDone,15,far,"StartMusic(goto,near)"
LoadSongVoice1PointerBank1,1,far,"StartMusic(gosub,far)"
LoadSongVoice1PointerBank15,15,near,"LoadSongFromBank15(gosub,near)"
LoadSoundNote,15,far,"UpdateSoundEffectVoice0(gosub,far)"
LoadSoundNote1,15,far,"UpdateSoundEffectVoice1(gosub,far)"
LoadSoundPointer,15,far,"PlaySoundEffect(gosub,far)"
LoadSoundPointerOutOfRange,15,far,"LoadSoundPointer(goto,near)"
LoadTitleBitmap,9,far,none
LocateCharacterArt,9,far,"LoadCharacterSprite(gosub,far); LoadPlayerSprite(gosub,far)"
MPT_CheckCollision,6,far,"MPT_NudgeRight(gosub,near); MPT_NudgeLeft(gosub,near)"
MPT_NudgeLeft,6,far,"NudgePlayerFromPlayfield(gosub,near)"
MPT_NudgeRight,6,far,"NudgePlayerFromPlayfield(gosub,near)"
MainLoop,16,far,"ColdStart(goto,near); MainLoopDrawScreen(goto,near)"
MainLoopContinue,16,far,none
MainLoopDrawScreen,16,far,none
MainLoopModeArenaSelect,16,far,none
MainLoopModeAuthorPrelude,16,far,none
MainLoopModeCharacterSelect,16,far,none
MainLoopModeFallingAnimation,16,far,none
MainLoopModeGameMain,16,far,none
MainLoopModeGameMainContinue,16,far,"MainLoopModeGameMain(goto,near)"
MainLoopModePublisherPrelude,16,far,"MainLoop(gosub,near)"
MainLoopModeTitleScreen,16,far,none
MainLoopModeWinnerAnnouncement,16,far,none
MegaxMissileActive,7,near,none
MeleeHitbox,7,far,"CalculateAttackHitbox(goto,near)"
MissileCollPF,8,far,"FrootyRicochetBottom(gosub,far)"
MissileSysPF,7,far,none
MissileSystemNoHit,7,far,"PlayfieldCollisionDone(goto,near); PlayfieldCollisionDone(goto,near)"
MomentumRecoveryDecayNegative,8,near,none
MomentumRecoveryLoop,8,near,"MomentumRecoveryNext(goto,near)"
MomentumRecoveryNext,8,near,"MomentumRecoveryLoop(goto,near); MomentumRecoveryLoop(goto,near); MomentumRecoveryLoop(goto,near); MomentumRecoveryProcess(goto,near); MomentumRecoveryProcess(goto,near); MomentumRecoveryDecayNegative(goto,near)"
MomentumRecoveryProcess,8,near,none
MoveParadeCharacter,14,far,"UpdateCharacterParade(goto,near)"
MovePlayerToTarget,6,far,"Player1TargetDone(gosub,far); Player2TargetDone(gosub,far); DonePlayer2Move(gosub,far); DonePlayer3Move(gosub,far)"
MovementApplyGravity,unknown,near,none
NextAttacker,7,far,none
NextDefender,7,far,none
NoHit,7,far,none
NormalColorState,14,far,"LoadCharacterColors(goto,near)"
NudgePlayerFromPlayfield,6,far,"MovePlayerToTarget(gosub,near); MovePlayerToTarget(gosub,near)"
P1SetPattern,11,far,"UpdatePlayer1HealthBar(goto,near); UpdatePlayer1HealthBar(goto,near); UpdatePlayer1HealthBar(goto,near); UpdatePlayer1HealthBar(goto,near); UpdatePlayer1HealthBar(goto,near); UpdatePlayer1HealthBar(goto,near); UpdatePlayer1HealthBar(goto,near)"
P2SetPattern,11,far,"UpdatePlayer2HealthBar(goto,near); UpdatePlayer2HealthBar(goto,near); UpdatePlayer2HealthBar(goto,near); UpdatePlayer2HealthBar(goto,near); UpdatePlayer2HealthBar(goto,near); UpdatePlayer2HealthBar(goto,near); UpdatePlayer2HealthBar(goto,near)"
P3ConvertHealth,11,far,"UpdatePlayer34HealthBars(goto,near)"
P3UseAA,11,far,"UpdatePlayer34HealthBars(goto,near); UpdatePlayer34HealthBars(goto,near)"
P4ConvertHealth,11,far,"P4GetHealth(goto,near)"
P4GetHealth,11,far,"P3UseAA(goto,near)"
P4UseAA,11,far,"P4GetHealth(goto,near); P4GetHealth(goto,near)"
PAG_SetRoboTitoStretchPermission,13,near,"GravityRowCalcDone(goto,near); GravityCheckBottom(goto,near)"
PAI_ExecuteAttack,10,far,"ProcessAttackInput(goto,near)"
PAI_UseJoy0,10,far,none
PCR_Div128_1,11,far,"CheckAllPlayerCollisions(goto,near)"
PCR_Div128_2,11,far,"PCR_Div128_1(goto,near)"
PCR_Div32_1,11,far,"CheckAllPlayerCollisions(goto,near)"
PCR_Div32_2,11,far,"PCR_Div128_1(goto,near)"
PCR_Div64_1,11,far,"CheckAllPlayerCollisions(goto,near)"
PCR_Div64_2,11,far,"PCR_Div128_1(goto,near)"
PFBlockDown,10,far,"PF_ProcessHorizontalCollision(goto,near)"
PFBlockUp,10,far,"PFCheckUp(goto,near)"
PFCS_Done,10,far,"PF_CheckColumnSpan(goto,near); PF_CheckColumnSpan(goto,near); PF_CheckColumnSpan(goto,near)"
PFCheckRight,10,far,"CheckPlayfieldCollisionAllDirections(goto,near)"
PFCheckUp,10,far,"PFCheckRight(goto,near)"
PF_CheckColumnSpan,10,far,"PF_ProcessHorizontalCollision(gosub,far)"
PF_CheckRowColumns,10,far,"PFCheckUp(gosub,far); PF_ProcessHorizontalCollision(gosub,far)"
PF_ProcessHorizontalCollision,10,far,"CheckPlayfieldCollisionAllDirections(gosub,far); PFCheckRight(gosub,far)"
PJI_BernieFallThrough,8,far,"ProcessJumpInput(goto,near)"
PJI_HarpyFlap,8,far,"ProcessJumpInput(goto,near)"
PJI_RoboTitoAscend,8,far,"ProcessJumpInput(goto,near)"
PJI_ZoeJumpCheck,8,far,"ProcessJumpInput(goto,near)"
PSM_AfterLeftSet0,13,far,"PSM_UseJoy0(goto,near)"
PSM_AfterLeftSet1,13,far,"ProcessStandardMovement(goto,near)"
PSM_AfterRightSet0,13,far,"PSM_CheckRightJoy0(goto,near)"
PSM_AfterRightSet1,13,far,"PSM_CheckRightJoy1(goto,near)"
PSM_CheckRightJoy0,13,far,"PSM_UseJoy0(goto,near)"
PSM_CheckRightJoy1,13,far,"ProcessStandardMovement(goto,near)"
PSM_UseJoy0,13,far,"ProcessStandardMovement(goto,near)"
PUI_BernieFallThrough,8,near,"PUI_ProcessUp(goto,near)"
PUI_DoneJumpInput,8,near,"PUI_ProcessUp(goto,near); PUI_ProcessUp(goto,near); PUI_BernieFallThrough(goto,near); PUI_HarpyFlap(goto,near); PUI_RoboTitoAscend(goto,near); PUI_RoboTitoAscend(goto,near); PUI_RoboTitoAscend(goto,near)"
PUI_DoneUpInputHandling,8,near,"ProcessUpInput(goto,near); PUI_UseJoy0(goto,near); PUI_NormalJumpInput(goto,near)"
PUI_HarpyFlap,8,near,"PUI_ProcessUp(goto,near)"
PUI_NormalJumpInput,8,near,"PUI_ProcessUp(goto,near)"
PUI_ProcessUp,8,near,"ProcessUpInput(goto,near)"
PUI_RoboTitoAscend,8,near,"PUI_ProcessUp(goto,near)"
PUI_UseJoy0,8,near,"ProcessUpInput(goto,near)"
ParadeCharacterLeft,14,far,none
PauseNotPressed,13,far,none
PerformMeleeAttack,7,far,"DispatchCharacterAttack(goto,near); DispatchCharacterAttack(goto,near); DispatchCharacterAttack(goto,near); DispatchCharacterAttack(goto,near); DispatchCharacterAttack(goto,near); DispatchCharacterAttack(goto,near); DispatchCharacterAttack(goto,near); DispatchCharacterAttack(goto,near); UrsuloAttack(goto,near)"
PerformRangedAttack,7,far,"DispatchCharacterAttack(goto,near); DispatchCharacterAttack(goto,near); DispatchCharacterAttack(goto,near); DispatchCharacterAttack(goto,near); DispatchCharacterAttack(goto,near)"
PhysicsApplyGravity,13,far,"GameMainLoop(gosub,far)"
PlayDamageSound,7,far,"ApplyDamage(goto,near); ApplyUrsuloKnockUp(goto,near); PlayerDies(goto,near)"
PlayMusic,15,far,"PublisherPreludeMain(gosub,far); AuthorPrelude(gosub,far); MainLoopContinue(gosub,far); MainLoopContinue(gosub,far); IsChaotica(goto,near)"
PlaySoundEffect,15,far,"WeightMultDone(gosub,far); TriggerEliminationEffects(gosub,far); PlayfieldCollisionDone(gosub,far); KnockbackDone(gosub,far); ArenaSelectLeftSound(gosub,far); ArenaSelectRightSound(gosub,far); ArenaSelectConfirm(gosub,far); PlayDamageSound(gosub,far); HCSC_CycleDone(gosub,far); HCSF_HandleFire(gosub,far); HCSF_HandleHandicap(gosub,far); HCSF_HandleRandomSound(gosub,far)"
Player1PauseDone,13,far,"HandleConsoleSwitches(goto,near)"
Player1Target4P,11,far,none
Player1TargetDone,11,far,"FallingAnimation1(goto,near)"
Player2ColorDone,6,near,none
Player2PauseDone,13,far,"Player1PauseDone(goto,near)"
Player2Target4P,11,far,none
Player2TargetDone,11,far,"DonePlayer1Move(goto,near)"
Player3ColorDone,6,near,none
Player4ColorDone,6,near,none
PlayerDies,7,far,"ApplyDamage(goto,near)"
PlayerPreviewSetPosition,6,far,"SelectRenderPlayerPreview(gosub,far); ArenaSelectDrawCharacters(gosub,far); ArenaSelectDoneDrawP0(gosub,far); ArenaSelectDoneDrawP1(gosub,far); ArenaSelectDoneDrawP2(gosub,far)"
PlayfieldCollisionDone,7,far,"FrootyRicochetBottom(goto,near); FrootyRicochetBottom(goto,near)"
PlayfieldRead,16,far,"DragonOfStormsDown(gosub,far); HarpyNormalDown(gosub,far); HarpyNormalDown(gosub,far); PF_CheckColumnSpan(gosub,far); PF_CheckRowColumns(gosub,far); PF_CheckRowColumns(gosub,far); PF_CheckRowColumns(gosub,far); GravityCheckCharacter(gosub,far); TransitionHandleFallBack(gosub,far); PJI_RoboTitoAscend(gosub,far); MissileSysPF(gosub,far); BernieJump(gosub,far); BernieJump(gosub,far); BernieCheckBottomWrap(gosub,far); CCJ_FreeFlightUp(gosub,far); GroundSearchLoop(gosub,far); GroundSearchDone(gosub,far); RadishGoblinCheckGroundBounce(gosub,far); MissileCollPF(gosub,far); PUI_RoboTitoAscend(gosub,far); HFCM_AttemptMoveLeft(gosub,far); HFCM_AttemptMoveLeft(gosub,far); HFCM_AttemptMoveRight(gosub,far); HFCM_AttemptMoveRight(gosub,far); HUIEB_RoboTitoAscend(gosub,far); HFCM_CheckLeftCollision(gosub,far); HFCM_CheckLeftCollision(gosub,far); HFCM_DoRightMovement(gosub,far); HFCM_DoRightMovement(gosub,far); MPT_CheckCollision(gosub,far); MPT_CheckCollision(gosub,far)"
ProcessAllAttacks,7,far,"GameMainLoopQuadtariSkip(gosub,far)"
ProcessAttackInput,10,far,"DoneLeftPortMovement(gosub,far); DoneRightPortMovement(gosub,far)"
ProcessAttackerAttacks,7,far,"ProcessAllAttacks(gosub,near)"
ProcessCollision,11,far,"GameMainLoop(goto,near); GameMainLoop(goto,near)"
ProcessJumpInput,8,far,"DoneLeftPortMovement(gosub,far); DoneRightPortMovement(gosub,far)"
ProcessStandardMovement,13,far,"InputHandleLeftPortPlayerFunction(gosub,far); InputHandleRightPortPlayerFunction(gosub,far)"
ProcessUpInput,8,near,"DoneLeftPortMovement(gosub,near); DoneRightPortMovement(gosub,near)"
ProjectileHitbox,7,far,"CalculateAttackHitbox(goto,near)"
PublisherPreludeComplete,14,far,"PublisherPreludeMain(goto,near); PublisherPreludeMain(goto,near); PublisherPreludeMain(goto,near); PublisherPreludeMain(goto,near); PublisherPreludeMain(goto,near); PublisherPreludeMain(goto,near); PublisherPreludeMain(goto,near)"
PublisherPreludeMain,14,far,"MainLoopModePublisherPrelude(gosub,far)"
RAU_LoadBWColors,14,far,"ReloadArenaColorsDispatch(goto,near)"
RGBGB_CalcBounce,12,far,"RadishGoblinCheckGroundBounce(goto,near)"
RMF_MissileActive,6,far,"RenderMissileForParticipant(goto,near)"
RRTM_CheckStretch,6,far,none
RadishGoblinCheckGroundBounce,12,far,"ProcessCollision(gosub,far)"
RadishGoblinCheckWallBounce,12,far,"ProcessCollision(gosub,far)"
RadishGoblinHandleInput,12,far,"DoneLeftPortMovement(gosub,far); DoneRightPortMovement(gosub,far)"
RadishGoblinHandleStickDown,12,far,"HGI_HandleRadishGoblinDown1(gosub,far); HGI_HandleRadishGoblinDown2(gosub,far)"
RadishGoblinHandleStickDownRelease,12,far,"HGI_CheckRadishGoblinRelease1(gosub,far); HGI_CheckRadishGoblinRelease2(gosub,far)"
ReadEnhancedButtons,11,far,"GameMainLoop(gosub,near)"
ReadPlayers12,13,far,none
ReadPlayers34,13,far,none
ReloadArenaColors,14,far,"ReloadArenaColorsNow(gosub,far); ToggleBWDone(gosub,far)"
ReloadArenaColorsDispatch,14,far,none
ReloadArenaColorsNow,13,far,none
RenderMissileForParticipant,6,far,"SetSpritePositionsRenderPair(gosub,near); SetSpritePositionsRenderPair(gosub,near)"
RenderPlayerPreview,6,far,"SelectRenderPlayerPreview(gosub,far); ArenaSelectDrawCharacters(gosub,far); ArenaSelectDoneDrawP0(gosub,far); ArenaSelectDoneDrawP1(gosub,far); ArenaSelectDoneDrawP2(gosub,far)"
RenderRoboTitoStretchMissile,6,far,"RenderMissileForParticipant(gosub,far)"
RestoreNormalPlayerColor,6,near,none
ReturnToCharacterSelect,14,near,"ArenaSelect1Loop(goto,near); IncrementFireHold(goto,near)"
RoboTitoCannotStretch,10,near,"RoboTitoJump(goto,near); RoboTitoJump(goto,near)"
RoboTitoDown,13,far,"HGI_HandleDownPressed(gosub,far); HGI_HandleDownPressed(gosub,far); HGI_HandleRadishGoblinDown1(gosub,far); HGI_HandleRadishGoblinDown2(gosub,far)"
RoboTitoInitiateDrop,13,far,none
RoboTitoJump,10,near,"DispatchCharacterJump(gosub,near)"
RoboTitoVoluntaryDrop,13,far,none
Roll,14,far,none
SPF_InlineDone2,unknown,far,"HFCM_RightApplyDone(goto,near)"
SSP_WriteMissileRegisters,6,far,"RMF_MissileActive(gosub,near)"
SSP_WriteMissileRegistersUnified,6,far,"SSP_WriteMissileRegisters(gosub,near); SSP_WriteStretchMissile(gosub,near)"
SSP_WriteStretchMissile,6,far,"RRTM_CheckStretch(gosub,near)"
SelectApplyPlayerColor,6,far,"RenderPlayerPreview(gosub,near); SelectSetPlayerColorUnlocked(gosub,near); SelectSetPlayerColorHandicap(gosub,near)"
SelectApplyPreviewPosition,6,far,"PlayerPreviewSetPosition(gosub,near)"
SelectDrawScreen,6,far,"CharacterSelectDrawScreen(gosub,far); CharacterSelectInputComplete(gosub,far)"
SelectHideLowerPlayerPreviews,6,far,"SelectDrawScreen(gosub,far); ArenaSelectDoneDrawP1(gosub,far)"
SelectRenderPlayerPreview,6,far,"SelectDrawScreen(gosub,near)"
SelectSetPlayerColorHandicap,6,far,"SelectRenderPlayerPreview(gosub,near)"
SelectSetPlayerColorUnlocked,6,far,"SelectRenderPlayerPreview(gosub,near)"
SelectStickLeft,6,near,"HandleCharacterSelectPlayerInput(gosub,near); HandleCharacterSelectPlayerInput(gosub,near)"
SelectStickRight,6,near,"HandleCharacterSelectPlayerInput(gosub,near); HandleCharacterSelectPlayerInput(gosub,near)"
SelectUpdateAnimations,6,far,"ArenaSelect1Loop(gosub,far); CharacterSelectInputComplete(gosub,far)"
SelectUpdatePlayerAnimation,6,far,"SelectUpdateAnimations(gosub,near)"
SetAuthorWindowValues,14,far,"BeginAuthorPrelude(gosub,far)"
SetGameScreenLayout,10,far,none
SetGlyph,16,far,"DrawTensDigit(gosub,far); DrawTensDigit(gosub,far); DisplayRandomArena(gosub,far); DisplayRandomArena(gosub,far)"
SetHorizontalMomentumRight,8,far,"HarpyDive(goto,near)"
SetPlayerAnimation,12,far,"InitializeAnimationSystem(gosub,far); TransitionLoopAnimation(goto,near); TransitionToFallen(goto,near); TransitionHandleJump(goto,near); TransitionHandleJump_TransitionToFalling(goto,near); TransitionHandleFallBack(goto,near); TransitionHandleFallBack_HitWall(goto,near); HandleAttackTransition(goto,near); HandleExecuteEnd(goto,near); HarpyExecute(goto,near); HandleRecoveryEnd(goto,near); ApplyDamage(gosub,far)"
SetPlayerGlyph,16,far,"SetGlyph(goto,near); CopyGlyphToPlayer(goto,near)"
SetPlayerGlyphDirectMode,16,far,"SetPlayerGlyph(goto,near)"
SetPlayerGlyphP0,16,far,"SetPlayerGlyphDirectMode(goto,near)"
SetPlayerGlyphP1,16,far,none
SetPlayerGlyphP2,16,far,none
SetPlayerGlyphP3,16,far,none
SetPlayerGlyphP4,16,far,none
SetPlayerGlyphP5,16,far,none
SetPlayerLocked,6,far,"SelectStickLeft(gosub,far); SelectStickRight(gosub,far); SelectStickLeft(gosub,far); SelectStickRight(gosub,far); HandleCharacterSelectPlayerInput(gosub,far); HandleCharacterSelectPlayerInput(gosub,far); CharacterSelectEntry(gosub,far); CharacterSelectEntry(gosub,far); CharacterSelectEntry(gosub,far); HCSC_CycleDone(gosub,far); CharacterSelectHandleTwoPlayers(gosub,far); CharacterSelectHandleTwoPlayers(gosub,far); HCSF_HandleFire(gosub,far); HCSF_HandleHandicap(gosub,far)"
SetPlayerLockedApply,6,far,"SetPlayerLocked(goto,near)"
SetPlayerLockedUseTemp,6,far,"SetPlayerLocked(goto,near)"
SetPlayerPosition,unknown,near,none
SetPlayerSprites,6,far,"DonePlayer4Move(gosub,far); GameEndCheckDone(gosub,far)"
SetPlayerVelocity,unknown,near,none
SetPublisherWindowValues,14,far,"PublisherPreludeMain(gosub,far)"
SetScoreBytes,11,far,"P4UseAA(goto,near)"
SetSpritePositions,6,far,"DonePlayer4Move(gosub,far)"
SetSpritePositionsRenderMissiles,6,far,"SetSpritePositions(gosub,near)"
SetSpritePositionsRenderPair,6,far,"SetSpritePositionsRenderMissiles(gosub,near)"
SetTitleWindowValues,14,far,"BeginTitleScreen(gosub,far)"
SetVerticalMomentum,8,far,"HarpyDive(goto,near)"
SetupArenaSelect,14,far,"CGM_ThunkArenaSelect(goto,near)"
SetupAttract,14,far,"CGM_ThunkAttract(goto,near)"
SetupAuthorPrelude,14,far,"CGM_ThunkAuthorPrelude(goto,near)"
SetupCharacterSelect,14,far,"CGM_ThunkCharacterSelect(goto,near)"
SetupFallingAnimation,14,far,"CGM_ThunkFallingAnimation(goto,near)"
SetupGame,14,far,"CGM_ThunkGame(goto,near)"
SetupPublisherPrelude,14,far,"CGM_ThunkPublisherPrelude(goto,near)"
SetupTitle,14,far,"CGM_ThunkTitle(goto,near)"
SetupWinner,14,far,"CGM_ThunkWinner(goto,near)"
ShamoneAttack,10,far,"DispatchCharacterAttack(goto,near); DispatchCharacterAttack(goto,near)"
SpawnMissile,7,far,"SetVerticalMomentum(gosub,far); PerformMeleeAttack(gosub,far); FrootyButtonReleased(gosub,far); ShamoneAttack(gosub,far); BernieAttack(gosub,far); BernieAttack(gosub,far); PerformRangedAttack(gosub,far)"
StandardJump,12,far,"DispatchCharacterJump(gosub,far)"
StartGame1,14,near,"ArenaSelectConfirm(goto,near)"
StartGuard,6,near,none
StartMusic,15,far,"BeginAuthorPrelude(gosub,far); BeginWinnerAnnouncement(gosub,far); BeginPublisherPrelude(gosub,far); BeginTitleScreen(gosub,far)"
StartNewParadeCharacter,14,far,none
StopMusic,15,far,none
StopSoundEffects,15,near,none
TitleDoneQuad,14,far,none
TitleScreenComplete,14,far,none
TitleScreenMain,14,far,"MainLoopModeTitleScreen(gosub,far)"
ToggleBWDone,13,far,"Check7800Pause(goto,near)"
TransitionHandleFallBack,12,far,none
TransitionHandleFallBack_HitWall,12,far,none
TransitionHandleJump,12,far,none
TransitionHandleJump_TransitionToFalling,12,far,none
TransitionLoopAnimation,12,far,"HandleAnimationTransition(goto,near); HandleAnimationTransition(goto,near)"
TransitionToFallen,12,far,none
TransitionToWinner,11,far,none
TriggerEliminationEffects,13,far,"UpdatePlayers34Done(goto,near)"
TryVoice1,15,far,none
UpdateAllMissiles,7,far,"GameMainLoopQuadtariSkip(gosub,far); GameEndCheckDone(gosub,far)"
UpdateAttackCooldowns,12,far,"GameMainLoop(gosub,far)"
UpdateCharacterAnimations,12,far,"GameMainLoop(gosub,far)"
UpdateCharacterParade,14,far,"TitleDoneQuad(gosub,far)"
UpdateFramePhase,6,near,none
UpdateGuardTimerActive,6,far,none
UpdateGuardTimers,6,far,"GameMainLoop(gosub,far)"
UpdateHealthBarPlayer0,6,near,"BudgetedHealthBarPlayer0(goto,near)"
UpdateHealthBarPlayer1,6,near,"BudgetedHealthBarPlayer1(goto,near)"
UpdateMusicVoice0,15,far,"PlayMusic(gosub,near)"
UpdateMusicVoice1,15,far,"PlayMusic(gosub,near)"
UpdateOneMissile,7,far,"UpdateAllMissiles(gosub,near)"
UpdatePlayer12HealthBars,11,far,"GameEndCheckDone(gosub,far)"
UpdatePlayer1HealthBar,11,far,"UpdatePlayer12HealthBars(gosub,near); InitializeHealthBars(gosub,near)"
UpdatePlayer2HealthBar,11,far,"UpdatePlayer12HealthBars(goto,near); InitializeHealthBars(goto,near)"
UpdatePlayer34HealthBars,11,far,"GameEndCheckDone(gosub,far)"
UpdatePlayerAnimation,12,far,"UpdateCharacterAnimations(gosub,near)"
UpdatePlayerMovement,8,far,"GameMainLoop(gosub,far)"
UpdatePlayerMovementSingle,8,far,"UpdatePlayerMovement(gosub,far); UpdatePlayerMovement(gosub,far)"
UpdatePlayers34ActiveDone,14,far,none
UpdatePlayers34ActiveFlag,14,far,"CheckPlayerElimination(gosub,far); CheckPlayerElimination(gosub,far)"
UpdatePlayers34Done,14,far,"CheckPlayerElimination(goto,near)"
UpdateQuadIn,13,far,none
UpdateSingleGuardTimer,6,far,"UpdateGuardTimers(gosub,far)"
UpdateSoundEffect,15,far,"GameEndCheckDone(gosub,far)"
UpdateSoundEffectVoice0,15,far,"UpdateSoundEffect(gosub,far); PlaySoundEffect(goto,near)"
UpdateSoundEffectVoice1,15,far,"UpdateSoundEffect(gosub,far); TryVoice1(goto,near)"
UpdateSprite,12,far,"AdvanceFrame(goto,near)"
UrsuloAttack,10,unknown,none
VelocityYCarry,13,near,none
WarmStart,13,far,"MainLoop(gosub,far)"
WeightBasedKnockbackApply,7,far,"HarpyCheckDive(goto,near); WeightBasedKnockbackScale(goto,near); WeightBasedKnockbackScale(goto,near)"
WeightBasedKnockbackScale,7,far,"HarpyCheckDive(goto,near)"
WeightMultDone,8,far,"CheckFallDamage(goto,near); CheckFallDamage(goto,near)"
WinnerAdvanceToCharacterSelect,14,far,none
WinnerAnnouncementLoop,14,far,"MainLoopModeWinnerAnnouncement(gosub,far)"
