Routine,Home Bank,Uses Return Otherbank,Caller Banks,Calling Convention,Status
AddVelocitySubpixelY,13,False,none,near,CORRECT
AddVelocitySubpixelYEnd,13,False,none,near,CORRECT
AddVelocitySubpixelYStart,13,False,none,near,CORRECT
AdvanceFrame,12,False,none,near,CORRECT
AnimationNextPlayer,12,False,12,near,CORRECT
ApplyDamage,7,False,7,near,CORRECT
ApplyGuardColor,6,False,none,near,CORRECT
ApplyGuardColorEnd,6,False,none,near,CORRECT
ApplyGuardColorStart,6,False,none,near,CORRECT
ApplyMomentumAndRecovery,8,True,11,far,CORRECT
ApplyMomentumAndRecoveryEnd,8,False,none,near,CORRECT
ApplyMomentumAndRecoveryStart,8,False,none,near,CORRECT
ApplyUrsuloKnockUp,7,False,7,near,CORRECT
AreaHitbox,7,False,7,near,CORRECT
Arena0Colors,16,False,none,near,CORRECT
Arena0Playfield,16,False,none,near,CORRECT
Arena0PlayfieldStart,16,False,none,near,CORRECT
Arena10Colors,16,False,none,near,CORRECT
Arena10Playfield,16,False,none,near,CORRECT
Arena11Colors,16,False,none,near,CORRECT
Arena11Playfield,16,False,none,near,CORRECT
Arena12Colors,16,False,none,near,CORRECT
Arena12Playfield,16,False,none,near,CORRECT
Arena13Colors,16,False,none,near,CORRECT
Arena13Playfield,16,False,none,near,CORRECT
Arena14Colors,16,False,none,near,CORRECT
Arena14Playfield,16,False,none,near,CORRECT
Arena15Colors,16,False,none,near,CORRECT
Arena15Playfield,16,False,none,near,CORRECT
Arena16Colors,16,False,none,near,CORRECT
Arena16Playfield,16,False,none,near,CORRECT
Arena17Colors,16,False,none,near,CORRECT
Arena17Playfield,16,False,none,near,CORRECT
Arena18Colors,16,False,none,near,CORRECT
Arena18Playfield,16,False,none,near,CORRECT
Arena19Colors,16,False,none,near,CORRECT
Arena19Playfield,16,False,none,near,CORRECT
Arena1Colors,16,False,none,near,CORRECT
Arena1Playfield,16,False,none,near,CORRECT
Arena20Colors,16,False,none,near,CORRECT
Arena20Playfield,16,False,none,near,CORRECT
Arena21Colors,16,False,none,near,CORRECT
Arena21Playfield,16,False,none,near,CORRECT
Arena22Colors,16,False,none,near,CORRECT
Arena22Playfield,16,False,none,near,CORRECT
Arena23Colors,16,False,none,near,CORRECT
Arena23Playfield,16,False,none,near,CORRECT
Arena24Colors,16,False,none,near,CORRECT
Arena24Playfield,16,False,none,near,CORRECT
Arena25Colors,16,False,none,near,CORRECT
Arena25Playfield,16,False,none,near,CORRECT
Arena26Colors,16,False,none,near,CORRECT
Arena26Playfield,16,False,none,near,CORRECT
Arena27Colors,16,False,none,near,CORRECT
Arena27Playfield,16,False,none,near,CORRECT
Arena28Colors,16,False,none,near,CORRECT
Arena28Playfield,16,False,none,near,CORRECT
Arena29Colors,16,False,none,near,CORRECT
Arena29Playfield,16,False,none,near,CORRECT
Arena2Colors,16,False,none,near,CORRECT
Arena2Playfield,16,False,none,near,CORRECT
Arena30Colors,16,False,none,near,CORRECT
Arena30Playfield,16,False,none,near,CORRECT
Arena31Colors,16,False,none,near,CORRECT
Arena31Playfield,16,False,none,near,CORRECT
Arena31PlayfieldEnd,16,False,none,near,CORRECT
Arena3Colors,16,False,none,near,CORRECT
Arena3Playfield,16,False,none,near,CORRECT
Arena4Colors,16,False,none,near,CORRECT
Arena4Playfield,16,False,none,near,CORRECT
Arena5Colors,16,False,none,near,CORRECT
Arena5Playfield,16,False,none,near,CORRECT
Arena6Colors,16,False,none,near,CORRECT
Arena6Playfield,16,False,none,near,CORRECT
Arena7Colors,16,False,none,near,CORRECT
Arena7Playfield,16,False,none,near,CORRECT
Arena8Colors,16,False,none,near,CORRECT
Arena8Playfield,16,False,none,near,CORRECT
Arena9Colors,16,False,none,near,CORRECT
Arena9Playfield,16,False,none,near,CORRECT
ArenaColorsBWEnd,16,False,none,near,CORRECT
ArenaColorsBWStart,16,False,none,near,CORRECT
ArenaSelect1,14,True,16,far,CORRECT
ArenaSelect1Loop,14,False,14,near,CORRECT
ArenaSelectConfirm,14,False,14,near,CORRECT
ArenaSelectDoneConfirm,14,False,14,near,CORRECT
ArenaSelectDoneDrawP0,14,False,14,near,CORRECT
ArenaSelectDoneDrawP1,14,False,14,near,CORRECT
ArenaSelectDoneDrawP2,14,False,14,near,CORRECT
ArenaSelectDoneDrawP23,14,False,14,near,CORRECT
ArenaSelectDoneLeft,14,False,14,near,CORRECT
ArenaSelectDoneRight,14,False,14,near,CORRECT
ArenaSelectDrawCharacters,14,False,14,near,CORRECT
ArenaSelectLeft,14,False,14,near,CORRECT
ArenaSelectLeftSound,14,False,14,near,CORRECT
ArenaSelectRight,14,False,14,near,CORRECT
ArenaSelectRightSound,14,False,14,near,CORRECT
ArtAtariAgeEnd,9,False,none,near,CORRECT
ArtAtariAgeStart,9,False,none,near,CORRECT
ArtAtariAgeTextEnd,9,False,none,near,CORRECT
ArtAtariAgeTextStart,9,False,none,near,CORRECT
ArtAuthorEnd,9,False,none,near,CORRECT
ArtAuthorStart,9,False,none,near,CORRECT
ArtChaosFightEnd,9,False,none,near,CORRECT
ArtChaosFightStart,9,False,none,near,CORRECT
AtariTodaySongEnd,1,False,none,near,CORRECT
AtariTodaySongStart,1,False,none,near,CORRECT
AttractMode,14,False,none,near,CORRECT
AuthorPrelude,14,True,16,far,CORRECT
AuthorPreludeComplete,14,True,none,near,NEEDS RETURN
BPC_CalcDiff,8,False,none,near,CORRECT
BPC_CheckSep,8,False,8,near,CORRECT
BPC_Phase0,8,False,none,near,CORRECT
BPC_Phase1,8,False,none,near,CORRECT
BPC_Phase2,8,False,none,near,CORRECT
BPC_SepLeft,8,False,none,near,CORRECT
Bank10CodeEnds,10,False,none,near,CORRECT
Bank10DataEnds,10,False,none,near,CORRECT
Bank11CodeEnds,11,False,none,near,CORRECT
Bank11DataEnds,11,False,none,near,CORRECT
Bank12AfterAnimationSystem,12,False,none,near,CORRECT
Bank12AfterCharacterControlsJump,12,False,none,near,CORRECT
Bank12AfterCharacterDamage,12,False,none,near,CORRECT
Bank12AfterDeactivatePlayerMissiles,12,False,none,near,CORRECT
Bank12AfterHandleFlyingCharacterMovement,12,False,none,near,CORRECT
Bank12AfterHandleGuardInput,12,False,none,near,CORRECT
Bank12AfterRadishGoblinMovement,12,False,none,near,CORRECT
Bank12AfterUpdateAttackCooldowns,12,False,none,near,CORRECT
Bank12CodeEnds,12,False,none,near,CORRECT
Bank12DataEnds,12,False,none,near,CORRECT
Bank13CodeEnds,13,False,none,near,CORRECT
Bank13DataEnds,13,False,none,near,CORRECT
Bank14AfterArenaReloadUtils,14,False,none,near,CORRECT
Bank14AfterArenaSelect,14,False,none,near,CORRECT
Bank14AfterAttractMode,14,False,none,near,CORRECT
Bank14AfterAuthorPrelude,14,False,none,near,CORRECT
Bank14AfterBeginArenaSelect,14,False,none,near,CORRECT
Bank14AfterBeginAttractMode,14,False,none,near,CORRECT
Bank14AfterBeginAuthorPrelude,14,False,none,near,CORRECT
Bank14AfterBeginFallingAnimation,14,False,none,near,CORRECT
Bank14AfterBeginPublisherPrelude,14,False,none,near,CORRECT
Bank14AfterBeginTitleScreen,14,False,none,near,CORRECT
Bank14AfterBeginWinnerAnnouncement,14,False,none,near,CORRECT
Bank14AfterChangeGameMode,14,False,none,near,CORRECT
Bank14AfterCheckAllPlayerEliminations,14,False,none,near,CORRECT
Bank14AfterCheckPlayerElimination,14,False,none,near,CORRECT
Bank14AfterColdStart,14,False,none,near,CORRECT
Bank14AfterCountRemainingPlayers,14,False,none,near,CORRECT
Bank14AfterFindLastEliminated,14,False,none,near,CORRECT
Bank14AfterFindWinner,14,False,none,near,CORRECT
Bank14AfterHandlePauseInput,14,False,none,near,CORRECT
Bank14AfterLoadCharacterColors,14,False,none,near,CORRECT
Bank14AfterPublisherPrelude,14,False,none,near,CORRECT
Bank14AfterRandomize,14,False,none,near,CORRECT
Bank14AfterSpritePointerInit,14,False,none,near,CORRECT
Bank14AfterTitleCharacterParade,14,False,none,near,CORRECT
Bank14AfterTitleScreenMain,14,False,none,near,CORRECT
Bank14AfterTitlescreenWindowControl,14,False,none,near,CORRECT
Bank14AfterUpdatePlayers34ActiveFlag,14,False,none,near,CORRECT
Bank14AfterWinnerAnnouncement,14,False,none,near,CORRECT
Bank14CodeEnds,14,False,none,near,CORRECT
Bank14DataEnds,14,False,none,near,CORRECT
Bank15CodeEnds,15,False,none,near,CORRECT
Bank15DataEnds,15,False,none,near,CORRECT
Bank15DataStart,15,False,none,near,CORRECT
Bank16AfterArenaLoader,16,False,none,near,CORRECT
Bank16AfterArenas,16,False,none,near,CORRECT
Bank16AfterLoadArenaByIndex,16,False,none,near,CORRECT
Bank16AfterMainLoop,16,False,none,near,CORRECT
Bank16AfterMultiSpriteKernel,16,False,none,near,CORRECT
Bank16AfterNumbers,16,False,none,near,CORRECT
Bank16AfterPlayerColors,16,False,none,near,CORRECT
Bank16AfterPlayfieldRead,16,False,none,near,CORRECT
Bank16AfterSetPlayerGlyph,16,False,none,near,CORRECT
Bank16AfterSpriteLoader,16,False,none,near,CORRECT
Bank16CodeEnds,16,False,none,near,CORRECT
Bank16DataEnds,16,False,none,near,CORRECT
Bank1CodeEnds,1,False,none,near,CORRECT
Bank1DataEnds,1,False,none,near,CORRECT
Bank1DataStart,1,False,none,near,CORRECT
Bank2CodeEnds,2,False,none,near,CORRECT
Bank2DataEnds,2,False,none,near,CORRECT
Bank2DataStart,2,False,none,near,CORRECT
Bank2Dispatch,9,True,9,near,NEEDS RETURN
Bank3CodeEnds,3,False,none,near,CORRECT
Bank3DataEnds,3,False,none,near,CORRECT
Bank3DataStart,3,False,none,near,CORRECT
Bank3Dispatch,9,True,9,near,NEEDS RETURN
Bank4CodeEnds,4,False,none,near,CORRECT
Bank4DataEnds,4,False,none,near,CORRECT
Bank4DataStart,4,False,none,near,CORRECT
Bank4Dispatch,9,True,9,near,NEEDS RETURN
Bank5CodeEnds,5,False,none,near,CORRECT
Bank5DataEnds,5,False,none,near,CORRECT
Bank5DataStart,5,False,none,near,CORRECT
Bank5Dispatch,9,True,9,near,NEEDS RETURN
Bank6CodeEnds,6,False,none,near,CORRECT
Bank6DataEnds,6,False,none,near,CORRECT
Bank7CodeEnds,7,False,none,near,CORRECT
Bank7DataEnds,7,False,none,near,CORRECT
Bank8CodeEnds,8,False,none,near,CORRECT
Bank8DataEnds,8,False,none,near,CORRECT
Bank9CodeEnds,9,False,none,near,CORRECT
Bank9DataEnds,9,False,none,near,CORRECT
Bank9DataStart,9,False,none,near,CORRECT
BeginArenaSelect,14,False,14,near,CORRECT
BeginAttractMode,14,False,14,near,CORRECT
BeginAuthorPrelude,14,False,14,near,CORRECT
BeginFallingAnimation,14,False,14,near,CORRECT
BeginGameLoop,11,True,"11,14",far,CORRECT
BeginPublisherPrelude,14,False,14,near,CORRECT
BeginTitleScreen,14,False,14,near,CORRECT
BeginWinnerAnnouncement,14,False,14,near,CORRECT
BernieAttack,10,False,10,near,CORRECT
BernieAttackEnd,10,False,none,near,CORRECT
BernieAttackStart,10,False,none,near,CORRECT
BernieCheckBottomWrap,12,True,12,near,NEEDS RETURN
BernieDataEnd,2,False,none,near,CORRECT
BernieDataStart,2,False,none,near,CORRECT
BernieFrameMap,2,False,none,near,CORRECT
BernieFrames,2,False,none,near,CORRECT
BernieJump,12,True,"8,10",far,CORRECT
BernieSongEnd,15,False,none,near,CORRECT
BernieSongStart,15,False,none,near,CORRECT
BlankPlayfield,16,False,none,near,CORRECT
BlankPlayfieldColors,16,False,none,near,CORRECT
BlankPlayfieldColorsEnd,16,False,none,near,CORRECT
BlankPlayfieldColorsStart,16,False,none,near,CORRECT
BlankPlayfieldEnd,16,False,none,near,CORRECT
BlankPlayfieldStart,16,False,none,near,CORRECT
BoleroSongEnd,15,False,none,near,CORRECT
BoleroSongStart,15,False,none,near,CORRECT
BounceDone,7,False,7,near,CORRECT
BoundsCheckDone,7,False,7,near,CORRECT
BudgetedCollisionCheck,8,False,none,near,CORRECT
BudgetedHealthBarPlayer0,6,False,6,near,CORRECT
BudgetedHealthBarPlayer1,6,False,6,near,CORRECT
BudgetedHealthBarUpdate,6,False,none,near,CORRECT
BudgetedHealthBarsEnd,6,False,none,near,CORRECT
BudgetedHealthBarsStart,6,False,none,near,CORRECT
BudgetedMissileCollisionCheck,7,False,none,near,CORRECT
BudgetedMissileCollisionCheck2P,7,False,none,near,CORRECT
BudgetedMissileCollisionsEnd,7,False,none,near,CORRECT
BudgetedMissileCollisionsStart,7,False,none,near,CORRECT
BudgetedPlayerCollisionsEnd,8,False,none,near,CORRECT
BudgetedPlayerCollisionsStart,8,False,none,near,CORRECT
BuildInfoEnd,1,False,none,near,CORRECT
BuildInfoStart,1,False,none,near,CORRECT
CCJ_ConvertPlayerXToPlayfieldColumn,12,True,"10,12,13",far,CORRECT
CCJ_FreeFlightCharacterJump,12,True,12,near,NEEDS RETURN
CCJ_FreeFlightUp,12,False,12,near,CORRECT
CDP_CheckGenesis,13,False,13,near,CORRECT
CDP_CheckRightSide,13,False,none,near,CORRECT
CDP_DetectGenesis,13,False,13,near,CORRECT
CDP_DetectJoy2bPlus,13,False,13,near,CORRECT
CDP_MergeStatus,13,True,13,near,NEEDS RETURN
CDP_NoGenesisLeft,13,False,none,near,CORRECT
CDP_NoGenesisRight,13,True,none,near,NEEDS RETURN
CDP_NoJoy2Left,13,False,none,near,CORRECT
CDP_NoJoy2Right,13,True,none,near,NEEDS RETURN
CDP_QuadtariFound,13,False,13,near,CORRECT
CEJB_CheckPlayer0,10,False,none,near,CORRECT
CEJB_CheckPlayer0Joy2bPlus,10,False,10,near,CORRECT
CEJB_CheckPlayer2,10,False,none,near,CORRECT
CEJB_CheckPlayer2Joy2bPlus,10,False,none,near,CORRECT
CEJB_Done,10,False,10,near,CORRECT
CEJB_ReadButton0,10,False,10,near,CORRECT
CEJB_ReadButton2,10,False,10,near,CORRECT
CEP_CheckPlayer1,13,True,13,near,NEEDS RETURN
CEP_CheckPlayer2,13,True,13,near,NEEDS RETURN
CMVE_ApplyAttack,15,False,none,near,CORRECT
CMVE_ApplyDecay,15,False,none,near,CORRECT
CMVE_CalcElapsed,15,False,15,near,CORRECT
CMVE_GetVoice0Vars,15,False,none,near,CORRECT
CPB_NextPlayer,8,True,none,near,NEEDS RETURN
CPS_WritePlayer2,6,True,6,near,NEEDS RETURN
CRTSMC_CheckOtherPlayer,10,False,none,near,CORRECT
CRTSMC_DoneSelf,10,False,none,near,CORRECT
CRTSMC_IsRoboTito,10,False,none,near,CORRECT
CRTSMC_IsStretching,10,False,none,near,CORRECT
CRTSMC_NextPlayer,10,True,10,near,NEEDS RETURN
CRTSMC_PlayerLoop,10,False,10,near,CORRECT
CacheAOELeftHitbox,8,False,8,near,CORRECT
CacheAOERightHitbox,8,False,8,near,CORRECT
CalcXDistanceRight,13,False,none,near,CORRECT
CalcYDistanceDown,13,False,none,near,CORRECT
CalculateAttackHitbox,7,False,7,near,CORRECT
CalculateFallDistanceNormal,8,False,8,near,CORRECT
CalculateMusicVoiceEnvelope,15,False,15,near,CORRECT
CalculateSafeFallDistance,8,False,none,near,CORRECT
ChangeGameMode,14,True,"9,11,13,14",far,CORRECT
ChaoticaSongEnd,1,False,none,near,CORRECT
ChaoticaSongStart,1,False,none,near,CORRECT
Character16DataEnd,4,False,none,near,CORRECT
Character16DataStart,4,False,none,near,CORRECT
Character16FrameMap,4,False,none,near,CORRECT
Character16Frames,4,False,none,near,CORRECT
Character16ThemeSongEnd,1,False,none,near,CORRECT
Character16ThemeSongStart,1,False,none,near,CORRECT
Character17DataEnd,4,False,none,near,CORRECT
Character17DataStart,4,False,none,near,CORRECT
Character17FrameMap,4,False,none,near,CORRECT
Character17Frames,4,False,none,near,CORRECT
Character17ThemeSongEnd,1,False,none,near,CORRECT
Character17ThemeSongStart,1,False,none,near,CORRECT
Character18DataEnd,4,False,none,near,CORRECT
Character18DataStart,4,False,none,near,CORRECT
Character18FrameMap,4,False,none,near,CORRECT
Character18Frames,4,False,none,near,CORRECT
Character18ThemeSongEnd,1,False,none,near,CORRECT
Character18ThemeSongStart,1,False,none,near,CORRECT
Character19DataEnd,4,False,none,near,CORRECT
Character19DataStart,4,False,none,near,CORRECT
Character19FrameMap,4,False,none,near,CORRECT
Character19Frames,4,False,none,near,CORRECT
Character19ThemeSongEnd,1,False,none,near,CORRECT
Character19ThemeSongStart,1,False,none,near,CORRECT
Character20DataEnd,4,False,none,near,CORRECT
Character20DataStart,4,False,none,near,CORRECT
Character20FrameMap,4,False,none,near,CORRECT
Character20Frames,4,False,none,near,CORRECT
Character20ThemeSongEnd,1,False,none,near,CORRECT
Character20ThemeSongStart,1,False,none,near,CORRECT
Character21DataEnd,4,False,none,near,CORRECT
Character21DataStart,4,False,none,near,CORRECT
Character21FrameMap,4,False,none,near,CORRECT
Character21Frames,4,False,none,near,CORRECT
Character21ThemeSongEnd,1,False,none,near,CORRECT
Character21ThemeSongStart,1,False,none,near,CORRECT
Character22DataEnd,4,False,none,near,CORRECT
Character22DataStart,4,False,none,near,CORRECT
Character22FrameMap,4,False,none,near,CORRECT
Character22Frames,4,False,none,near,CORRECT
Character22ThemeSongEnd,1,False,none,near,CORRECT
Character22ThemeSongStart,1,False,none,near,CORRECT
Character23DataEnd,4,False,none,near,CORRECT
Character23DataStart,4,False,none,near,CORRECT
Character23FrameMap,4,False,none,near,CORRECT
Character23Frames,4,False,none,near,CORRECT
Character23ThemeSongEnd,1,False,none,near,CORRECT
Character23ThemeSongStart,1,False,none,near,CORRECT
Character24DataEnd,5,False,none,near,CORRECT
Character24DataStart,5,False,none,near,CORRECT
Character24FrameMap,5,False,none,near,CORRECT
Character24Frames,5,False,none,near,CORRECT
Character24ThemeSongEnd,1,False,none,near,CORRECT
Character24ThemeSongStart,1,False,none,near,CORRECT
Character25DataEnd,5,False,none,near,CORRECT
Character25DataStart,5,False,none,near,CORRECT
Character25FrameMap,5,False,none,near,CORRECT
Character25Frames,5,False,none,near,CORRECT
Character25ThemeSongEnd,1,False,none,near,CORRECT
Character25ThemeSongStart,1,False,none,near,CORRECT
Character26DataEnd,5,False,none,near,CORRECT
Character26DataStart,5,False,none,near,CORRECT
Character26FrameMap,5,False,none,near,CORRECT
Character26Frames,5,False,none,near,CORRECT
Character26ThemeSongEnd,1,False,none,near,CORRECT
Character26ThemeSongStart,1,False,none,near,CORRECT
Character27DataEnd,5,False,none,near,CORRECT
Character27DataStart,5,False,none,near,CORRECT
Character27FrameMap,5,False,none,near,CORRECT
Character27Frames,5,False,none,near,CORRECT
Character27ThemeSongEnd,1,False,none,near,CORRECT
Character27ThemeSongStart,1,False,none,near,CORRECT
Character28DataEnd,5,False,none,near,CORRECT
Character28DataStart,5,False,none,near,CORRECT
Character28FrameMap,5,False,none,near,CORRECT
Character28Frames,5,False,none,near,CORRECT
Character28ThemeSongEnd,1,False,none,near,CORRECT
Character28ThemeSongStart,1,False,none,near,CORRECT
Character29DataEnd,5,False,none,near,CORRECT
Character29DataStart,5,False,none,near,CORRECT
Character29FrameMap,5,False,none,near,CORRECT
Character29Frames,5,False,none,near,CORRECT
Character29ThemeSongEnd,1,False,none,near,CORRECT
Character29ThemeSongStart,1,False,none,near,CORRECT
Character30DataEnd,5,False,none,near,CORRECT
Character30DataStart,5,False,none,near,CORRECT
Character30FrameMap,5,False,none,near,CORRECT
Character30Frames,5,False,none,near,CORRECT
Character30ThemeSongEnd,1,False,none,near,CORRECT
Character30ThemeSongStart,1,False,none,near,CORRECT
CharacterArtBank2End,2,False,none,near,CORRECT
CharacterArtBank2Start,2,False,none,near,CORRECT
CharacterArtBank3End,3,False,none,near,CORRECT
CharacterArtBank3Start,3,False,none,near,CORRECT
CharacterArtBank4End,4,False,none,near,CORRECT
CharacterArtBank4Start,4,False,none,near,CORRECT
CharacterArtBank5End,5,False,none,near,CORRECT
CharacterArtBank5Start,5,False,none,near,CORRECT
CharacterAttacksDispatchEnd,10,False,none,near,CORRECT
CharacterAttacksDispatchStart,10,False,none,near,CORRECT
CharacterControlsDownEnd,13,False,none,near,CORRECT
CharacterControlsDownStart,13,False,none,near,CORRECT
CharacterDataTablesEnd,7,False,none,near,CORRECT
CharacterDataTablesStart,7,False,none,near,CORRECT
CharacterMissileDataEnd,7,False,none,near,CORRECT
CharacterMissileDataStart,7,False,none,near,CORRECT
CharacterMissileTablesEnd,7,False,none,near,CORRECT
CharacterMissileTablesStart,7,False,none,near,CORRECT
CharacterPhysicsTablesEnd,8,False,none,near,CORRECT
CharacterPhysicsTablesStart,8,False,none,near,CORRECT
CharacterSelectCheckControllerRescan,6,True,9,far,CORRECT
CharacterSelectCheckReady,9,False,none,near,CORRECT
CharacterSelectDoRescan,6,False,6,near,CORRECT
CharacterSelectEntry,6,False,none,near,CORRECT
CharacterSelectEntryEnd,6,False,none,near,CORRECT
CharacterSelectEntryStart,6,False,none,near,CORRECT
CharacterSelectFinish,9,False,9,near,CORRECT
CharacterSelectFireEnd,6,False,none,near,CORRECT
CharacterSelectFireStart,6,False,none,near,CORRECT
CharacterSelectHandleRandomRolls,9,False,9,near,CORRECT
CharacterSelectHandleTwoPlayers,9,False,9,near,CORRECT
CharacterSelectHelpersEnd,6,False,none,near,CORRECT
CharacterSelectHelpersStart,6,False,none,near,CORRECT
CharacterSelectInputComplete,9,False,9,near,CORRECT
CharacterSelectInputEntry,9,True,16,far,CORRECT
CharacterSelectMainEnd,9,False,none,near,CORRECT
CharacterSelectMainStart,9,False,none,near,CORRECT
CharacterSelectQuadtariAbsent,6,False,6,near,CORRECT
CharacterSelectQuadtariReady,9,False,9,near,CORRECT
CharacterSelectQuadtariReadyIncrement,9,False,9,near,CORRECT
CharacterSelectQuadtariReadyNext,9,False,9,near,CORRECT
CharacterSelectReadyDone,9,False,9,near,CORRECT
CharacterSelectRenderEnd,6,False,none,near,CORRECT
CharacterSelectRenderStart,6,False,none,near,CORRECT
CharacterSelectRescanDone,6,True,6,near,NEEDS RETURN
CharacterSelectRollRandomPlayer,9,False,9,near,CORRECT
CharacterSelectRollRandomPlayerReroll,9,False,none,near,CORRECT
CharacterSelectRollsDone,9,False,9,near,CORRECT
CharacterSelectSkipFacing,9,False,9,near,CORRECT
Check7800Pause,13,False,13,near,CORRECT
CheckAOECollision,8,False,8,near,CORRECT
CheckAOEDirection_Left,8,False,8,near,CORRECT
CheckAOEDirection_Right,8,False,8,near,CORRECT
CheckAllMissileCollisions,8,True,7,far,CORRECT
CheckAllPlayerCollisions,11,False,11,near,CORRECT
CheckAllPlayerEliminations,14,True,11,far,CORRECT
CheckAttackHit,7,False,7,near,CORRECT
CheckBernieAOE,8,False,none,near,CORRECT
CheckBernieStun,8,True,8,near,NEEDS RETURN
CheckBoundaryCollisions,10,True,11,far,CORRECT
CheckCollisionP1vsP2,8,False,8,near,CORRECT
CheckCollisionP1vsP3,8,False,8,near,CORRECT
CheckCollisionP1vsP4,8,False,8,near,CORRECT
CheckCollisionP2vsP3,8,False,8,near,CORRECT
CheckCollisionP2vsP4,8,False,8,near,CORRECT
CheckCollisionP3vsP4,8,False,8,near,CORRECT
CheckCollisionPair,8,False,8,near,CORRECT
CheckColorBWToggle,13,False,13,near,CORRECT
CheckEnhancedJumpButton,10,True,8,far,CORRECT
CheckEnhancedPause,13,False,13,near,CORRECT
CheckFallDamage,8,True,8,near,NEEDS RETURN
CheckGameEndTransition,11,False,none,near,CORRECT
CheckGroundCollision,8,True,none,near,NEEDS RETURN
CheckGuardCooldown,6,True,13,far,CORRECT
CheckGuardCooldownEnd,6,False,none,near,CORRECT
CheckGuardCooldownStart,6,False,none,near,CORRECT
CheckMissilePlayerCollision,7,False,none,near,CORRECT
CheckPlayer2HealthUpdate,6,False,none,near,CORRECT
CheckPlayer3HealthUpdate,6,False,6,near,CORRECT
CheckPlayer4ActiveFlag,14,False,none,near,CORRECT
CheckPlayerBoundary,10,False,10,near,CORRECT
CheckPlayerBoundary_BernieWrap,10,True,10,near,NEEDS RETURN
CheckPlayerCollision,13,False,none,near,CORRECT
CheckPlayerCollisionEnd,13,False,none,near,CORRECT
CheckPlayerCollisionStart,13,False,none,near,CORRECT
CheckPlayerElimination,14,True,"7,10,14",far,CORRECT
CheckPlayersAgainstCachedHitbox,8,False,8,near,CORRECT
CheckPlayfieldCollisionAllDirections,10,True,11,far,CORRECT
CheckQuadtariFireHold,14,False,14,near,CORRECT
CheckQuadtariSkip,11,False,11,near,CORRECT
CheckRoboTitoStretchMissileCollisions,10,True,11,far,CORRECT
CheckRoboTitoStretchMissileCollisionsEnd,10,False,none,near,CORRECT
CheckRoboTitoStretchMissileCollisionsStart,10,False,none,near,CORRECT
CheckVisibleMissileCollision,8,False,8,near,CORRECT
ColdStart,14,False,none,near,CORRECT
CombatEnd,7,False,none,near,CORRECT
CombatShowDamageIndicator,7,False,none,near,CORRECT
CombatStart,7,False,none,near,CORRECT
ConsoleHandlingEnd,13,False,none,near,CORRECT
ConsoleHandlingStart,13,False,none,near,CORRECT
ConstrainToScreen,13,False,none,near,CORRECT
ConstrainToScreenEnd,13,False,none,near,CORRECT
ConstrainToScreenStart,13,False,none,near,CORRECT
ControllerDetectionEnd,13,False,none,near,CORRECT
ControllerDetectionStart,13,False,none,near,CORRECT
ConvertToBCD,11,False,11,near,CORRECT
ConvertToBCDLoop,11,False,none,near,CORRECT
CopyGlyphToPlayer,16,False,16,near,CORRECT
CopyParticipantSpritePosition,6,False,6,near,CORRECT
CountRemainingPlayers,14,False,14,near,CORRECT
CtrlDetConsole,13,False,none,near,CORRECT
CurlerDataEnd,2,False,none,near,CORRECT
CurlerDataStart,2,False,none,near,CORRECT
CurlerFrameMap,2,False,none,near,CORRECT
CurlerFrames,2,False,none,near,CORRECT
DCD_HandleRoboTitoDown_HGI,12,True,12,near,NEEDS RETURN
DCJ_BernieJump,10,True,10,near,NEEDS RETURN
DCJ_DragonJump,10,True,10,near,NEEDS RETURN
DCJ_FrootyJump,10,True,10,near,NEEDS RETURN
DCJ_HarpyJump,10,True,10,near,NEEDS RETURN
DCJ_RoboTitoJump,10,True,10,near,NEEDS RETURN
DCJ_StandardJump,10,True,10,near,NEEDS RETURN
DWS_CheckThird,16,False,16,near,CORRECT
DWS_GetBWMode,16,True,"14,16",far,CORRECT
DWS_Hide2Player,16,False,none,near,CORRECT
DWS_Hide2PlayerDone,16,True,16,near,NEEDS RETURN
DWS_Hide3Player2,16,False,none,near,CORRECT
DWS_Hide3Player2Done,16,False,16,near,CORRECT
DWS_Hide3Player3,16,False,none,near,CORRECT
DWS_Hide3Player3Done,16,True,16,near,NEEDS RETURN
DWS_HidePlayers123,16,False,16,near,CORRECT
DWS_LoadColorColors,16,False,16,near,CORRECT
DWS_LoadIdleSprite,16,False,16,near,CORRECT
DWS_Position1Player,16,True,none,near,NEEDS RETURN
DWS_Position2Players,16,False,none,near,CORRECT
DWS_Position3Players,16,False,16,near,CORRECT
DWS_RankLoop,16,False,16,near,CORRECT
DWS_RankNext,16,False,16,near,CORRECT
DWS_UpdateSecond,16,False,none,near,CORRECT
DeactivateMissile,7,False,7,near,CORRECT
DeactivatePlayerMissiles,12,False,none,near,CORRECT
DetectPads,13,True,"6,13",far,CORRECT
DispatchCharacterAttack,10,False,10,near,CORRECT
DispatchCharacterJump,10,True,8,far,CORRECT
DispatchCharacterJumpEnd,10,False,none,near,CORRECT
DispatchCharacterJumpStart,10,False,none,near,CORRECT
DisplayCF2026,11,False,11,near,CORRECT
DisplayDone,14,False,14,near,CORRECT
DisplayHealth,11,False,11,near,CORRECT
DisplayHealthEnd,11,False,none,near,CORRECT
DisplayHealthStart,11,False,none,near,CORRECT
DisplayRandomArena,14,False,14,near,CORRECT
DisplayWinScreen,16,True,14,far,CORRECT
DiveCheckDone,7,False,7,near,CORRECT
DivideBy100,8,True,none,near,NEEDS RETURN
DivideBy20,8,False,none,near,CORRECT
DoneAdvance,12,False,none,near,CORRECT
DoneLeftPortMovement,8,False,8,near,CORRECT
DoneParticipant1Flash,11,False,11,near,CORRECT
DoneParticipant2Flash,11,False,11,near,CORRECT
DonePauseToggle,14,False,14,near,CORRECT
DonePlayer1Init,14,False,none,near,CORRECT
DonePlayer1Move,11,False,none,near,CORRECT
DonePlayer1Pause,13,False,none,near,CORRECT
DonePlayer2HealthUpdate,6,False,none,near,CORRECT
DonePlayer2Init,14,False,none,near,CORRECT
DonePlayer2Move,11,False,none,near,CORRECT
DonePlayer2Pause,13,True,none,near,NEEDS RETURN
DonePlayer3Flash,11,False,11,near,CORRECT
DonePlayer3HealthUpdate,6,False,6,near,CORRECT
DonePlayer3Init,14,False,none,near,CORRECT
DonePlayer3Move,11,False,none,near,CORRECT
DonePlayer3Sprite,6,False,6,near,CORRECT
DonePlayer4Flash,11,False,11,near,CORRECT
DonePlayer4Init,14,True,none,near,NEEDS RETURN
DonePlayer4Move,11,False,none,near,CORRECT
DonePlayer4Sprite,6,True,6,near,NEEDS RETURN
DoneRightPortMovement,8,False,8,near,CORRECT
DoneSwitchChange,13,True,none,near,NEEDS RETURN
DragonOfStormsDataEnd,2,False,none,near,CORRECT
DragonOfStormsDataStart,2,False,none,near,CORRECT
DragonOfStormsDown,13,True,12,far,CORRECT
DragonOfStormsFrameMap,2,False,none,near,CORRECT
DragonOfStormsFrames,2,False,none,near,CORRECT
DragonOfStormsJump,12,True,10,far,CORRECT
DrawParadeCharacter,14,True,9,far,CORRECT
DrawParadeCharacterSprite,14,True,none,near,NEEDS RETURN
DrawTensDigit,14,False,14,near,CORRECT
DrawTitleScreen,9,True,"14,16",far,CORRECT
DucksAwaySongEnd,1,False,none,near,CORRECT
DucksAwaySongStart,1,False,none,near,CORRECT
EXOSongEnd,15,False,none,near,CORRECT
EXOSongStart,15,False,none,near,CORRECT
FacingLeft,7,False,7,near,CORRECT
FacingRight,7,False,7,near,CORRECT
FallDamageApplyGravity,8,True,none,near,NEEDS RETURN
FallDamageEnd,8,False,none,near,CORRECT
FallDamageStart,8,False,none,near,CORRECT
FallingAnimation1,11,True,"11,16",far,CORRECT
FallingAnimationEnd,11,False,none,near,CORRECT
FallingAnimationStart,11,False,none,near,CORRECT
FallingComplete1,11,False,none,near,CORRECT
FastBCDDivideBy10,14,False,none,near,CORRECT
FastBCDDone,14,False,none,near,CORRECT
FastBCDMaxTens,14,False,none,near,CORRECT
FastBCDOnesDigit,14,False,none,near,CORRECT
FastBCDStart,14,False,none,near,CORRECT
FatTonyDataEnd,2,False,none,near,CORRECT
FatTonyDataStart,2,False,none,near,CORRECT
FatTonyFrameMap,2,False,none,near,CORRECT
FatTonyFrames,2,False,none,near,CORRECT
FindLastEliminated,14,False,14,near,CORRECT
FindWinner,14,False,14,near,CORRECT
FireHoldCheckDone,14,False,14,near,CORRECT
FlashParticipant1,11,False,none,near,CORRECT
FlashParticipant2,11,False,none,near,CORRECT
FlashPlayer3,11,False,none,near,CORRECT
FlashPlayer4,11,False,none,near,CORRECT
FlyingMovementHelpersEnd,7,False,none,near,CORRECT
FlyingMovementHelpersStart,7,False,none,near,CORRECT
FramePhaseSchedulerEnd,6,False,none,near,CORRECT
FramePhaseSchedulerStart,6,False,none,near,CORRECT
FrictionDone,7,False,7,near,CORRECT
FrictionPositive,7,False,none,near,CORRECT
FrootyAttack,8,True,"10,11",far,CORRECT
FrootyAttackEnd,8,False,none,near,CORRECT
FrootyAttackStart,8,False,none,near,CORRECT
FrootyButtonHeld,8,False,8,near,CORRECT
FrootyButtonReleased,8,False,8,near,CORRECT
FrootyChargeDone,8,True,8,near,NEEDS RETURN
FrootyChargeNext,11,False,11,near,CORRECT
FrootyChargeQuadtariCheck,11,False,11,near,CORRECT
FrootyChargeUpdate,11,False,11,near,CORRECT
FrootyCheckJoy0,8,False,8,near,CORRECT
FrootyDataEnd,3,False,none,near,CORRECT
FrootyDataStart,3,False,none,near,CORRECT
FrootyDown,13,True,12,far,CORRECT
FrootyFallDamage,8,True,8,near,NEEDS RETURN
FrootyFrameMap,3,False,none,near,CORRECT
FrootyFrames,3,False,none,near,CORRECT
FrootyJump,12,True,10,far,CORRECT
FrootyRicochetBottom,7,False,7,near,CORRECT
FrootyRicochetCheck,7,False,7,near,CORRECT
FrootyRicochetLeft,7,False,7,near,CORRECT
FrootyRicochetRight,7,False,7,near,CORRECT
FrootyRicochetTop,7,False,7,near,CORRECT
FrootyRicochetVerticalCheck,7,False,7,near,CORRECT
FrootyUpdateFrameCounter,8,False,8,near,CORRECT
GLI_SkipPlayer2,11,False,11,near,CORRECT
GLI_SkipPlayer3,11,False,11,near,CORRECT
GameEndCheckDone,11,False,11,near,CORRECT
GameLoopInitEnd,11,False,none,near,CORRECT
GameLoopInitStart,11,False,none,near,CORRECT
GameLoopMainEnd,11,False,none,near,CORRECT
GameLoopMainStart,11,False,none,near,CORRECT
GameMainLoop,11,True,16,far,CORRECT
GameMainLoopPaused,11,True,11,near,NEEDS RETURN
GameMainLoopQuadtariSkip,11,False,11,near,CORRECT
GetCharacterAttackType,13,False,none,near,CORRECT
GetCharacterAttackTypeEnd,13,False,none,near,CORRECT
GetCharacterAttackTypeStart,13,False,none,near,CORRECT
GetCharacterMissileHeight,7,False,none,near,CORRECT
GetCharacterMissileMaxX,7,False,none,near,CORRECT
GetCharacterMissileMaxY,7,False,none,near,CORRECT
GetCharacterWeightValue,7,False,none,near,CORRECT
GetMissileFlags,7,False,none,near,CORRECT
GetMissileHeight,7,False,none,near,CORRECT
GetMissileMomentumX,7,False,none,near,CORRECT
GetMissileMomentumY,7,False,none,near,CORRECT
GetMissileWidth,7,False,none,near,CORRECT
GetPlayerAnimationStateFunction,13,True,"7,12",far,CORRECT
GetPlayerAnimationStateFunctionEnd,13,False,none,near,CORRECT
GetPlayerAnimationStateFunctionStart,13,False,none,near,CORRECT
GetPlayerLocked,6,True,"6,9,11",far,CORRECT
GetPlayerLockedP0,6,True,6,near,NEEDS RETURN
GetPlayerLockedP1,6,True,none,near,NEEDS RETURN
GetPlayerLockedP2,6,True,none,near,NEEDS RETURN
GetPlayerLockedP3,6,True,none,near,NEEDS RETURN
GetPlayerMissileBitFlag,7,False,7,near,CORRECT
GetWeightBasedDamage,7,False,7,near,CORRECT
GravityBottomCalcDone,13,False,13,near,CORRECT
GravityBottomCalcLoop,13,False,13,near,CORRECT
GravityCheckBottom,13,False,13,near,CORRECT
GravityCheckCharacter,13,False,13,near,CORRECT
GravityDone,7,False,7,near,CORRECT
GravityLoop,13,False,13,near,CORRECT
GravityNextPlayer,13,True,13,near,NEEDS RETURN
GravityPlayerCheck,13,False,13,near,CORRECT
GravityRowCalcDone,13,False,13,near,CORRECT
GravityRowCalcLoop,13,False,13,near,CORRECT
GrizzardsSongEnd,15,False,none,near,CORRECT
GrizzardsSongStart,15,False,none,near,CORRECT
GroundFound,10,False,10,near,CORRECT
GroundSearchBottom,10,False,10,near,CORRECT
GroundSearchDone,10,True,10,near,NEEDS RETURN
GroundSearchLoop,10,False,10,near,CORRECT
GuardColor0,6,False,6,near,CORRECT
GuardColor1,6,False,none,near,CORRECT
GuardColor2,6,False,none,near,CORRECT
GuardColor3,6,False,none,near,CORRECT
GuardCooldownBlocked,6,True,none,near,NEEDS RETURN
GuardTimerExpired,6,True,none,near,NEEDS RETURN
HCSC_CheckJoy0,9,False,none,near,CORRECT
HCSC_CheckJoy0Left,9,False,none,near,CORRECT
HCSC_CheckJoy1Left,9,False,none,near,CORRECT
HCSC_CycleDone,9,False,9,near,CORRECT
HCSC_CycleLeft,9,False,9,near,CORRECT
HCSC_CycleRight,9,False,9,near,CORRECT
HCSC_GetPlayer2Tail,9,False,9,near,CORRECT
HCSC_LeftFromNoOrCPU,9,False,9,near,CORRECT
HCSC_LeftFromRandom,9,False,9,near,CORRECT
HCSC_LeftFromZero,9,False,9,near,CORRECT
HCSC_P2TailCheckP4,9,False,9,near,CORRECT
HCSC_P2TailDone,9,False,9,near,CORRECT
HCSC_RightFromMax,9,False,9,near,CORRECT
HCSC_RightFromNoOrCPU,9,False,9,near,CORRECT
HCSC_RightFromRandom,9,False,9,near,CORRECT
HCSF_CheckJoy0,6,True,none,near,NEEDS RETURN
HCSF_HandleFire,6,True,6,near,NEEDS RETURN
HCSF_HandleHandicap,6,True,none,near,NEEDS RETURN
HCSF_HandleRandom,6,False,6,near,CORRECT
HCSF_HandleRandomSound,6,True,6,near,NEEDS RETURN
HFCM_ApplyLeft,7,False,7,near,CORRECT
HFCM_ApplyRight,7,False,7,near,CORRECT
HFCM_AttemptMoveLeft,7,True,12,far,CORRECT
HFCM_AttemptMoveRight,7,True,12,far,CORRECT
HFCM_CheckLeftJoy0,12,False,none,near,CORRECT
HFCM_CheckRight,12,False,12,near,CORRECT
HFCM_CheckRightJoy0,12,False,none,near,CORRECT
HFCM_CheckVertical,12,True,12,near,NEEDS RETURN
HFCM_DoLeft,12,False,12,near,CORRECT
HFCM_DoRight,12,False,12,near,CORRECT
HFCM_LeftDirect,7,False,7,near,CORRECT
HFCM_LeftFacing,7,True,7,near,NEEDS RETURN
HFCM_LeftMomentum,7,False,7,near,CORRECT
HFCM_RightDirect,7,False,7,near,CORRECT
HFCM_RightFacing,7,True,7,near,NEEDS RETURN
HFCM_RightMomentum,7,False,7,near,CORRECT
HFCM_SetFacingLeft,7,True,none,near,NEEDS RETURN
HFCM_SetFacingRight,7,True,none,near,NEEDS RETURN
HFCM_VertDown,12,True,12,near,NEEDS RETURN
HFCM_VertJoy0,12,True,none,near,NEEDS RETURN
HFCM_VertUp,12,True,12,near,NEEDS RETURN
HGI_CheckGuardRelease,12,True,12,near,NEEDS RETURN
HGI_CheckJoy0,12,False,none,near,CORRECT
HGI_HandleDownPressed,12,True,none,near,NEEDS RETURN
HandleAnimationTransition,12,False,12,near,CORRECT
HandleAttackTransition,12,False,none,near,CORRECT
HandleCharacterSelectCycle,9,False,9,near,CORRECT
HandleCharacterSelectFire,6,True,9,far,CORRECT
HandleConsoleSwitches,13,True,11,far,CORRECT
HandleExecuteEnd,12,False,none,near,CORRECT
HandleFlyingCharacterMovement,12,True,8,far,CORRECT
HandleFrame7Transition,12,False,12,near,CORRECT
HandleFrootyVertical,8,True,none,near,NEEDS RETURN
HandleGuardInput,12,True,8,far,CORRECT
HandleHarpySwoopAttack,8,True,none,near,NEEDS RETURN
HandleKnightGuyMissile,7,False,7,near,CORRECT
HandleMegaxMissile,7,False,7,near,CORRECT
HandleMissileBounce,7,False,7,near,CORRECT
HandleMissileDamage,7,False,7,near,CORRECT
HandleMissileHit,7,False,7,near,CORRECT
HandlePauseInput,14,False,none,near,CORRECT
HandleRecoveryEnd,12,False,none,near,CORRECT
HandleRoboTitoStretchMissileHit,10,False,10,near,CORRECT
HandleWindupEnd,12,False,12,near,CORRECT
HarpyAttack,10,False,10,near,CORRECT
HarpyAttackEnd,10,False,none,near,CORRECT
HarpyAttackStart,10,False,none,near,CORRECT
HarpyBoostDiveVelocity,7,False,none,near,CORRECT
HarpyCheckDive,7,False,7,near,CORRECT
HarpyCheckDiveVelocity,7,False,7,near,CORRECT
HarpyDataEnd,2,False,none,near,CORRECT
HarpyDataStart,2,False,none,near,CORRECT
HarpyDive,8,False,8,near,CORRECT
HarpyDown,13,True,12,far,CORRECT
HarpyExecute,12,False,12,near,CORRECT
HarpyFlapRecord,12,True,12,near,NEEDS RETURN
HarpyFrameMap,2,False,none,near,CORRECT
HarpyFrames,2,False,none,near,CORRECT
HarpyJump,12,True,"8,10",far,CORRECT
HarpyNormalDown,13,False,13,near,CORRECT
HarpySetDive,13,False,none,near,CORRECT
HarpySetLeftVelocity,10,False,none,near,CORRECT
HarpySetVerticalVelocity,10,False,none,near,CORRECT
HealthBarPatternsEnd,6,False,none,near,CORRECT
HealthBarPatternsStart,6,False,none,near,CORRECT
HealthBarSystemEnd,11,False,none,near,CORRECT
HealthBarSystemStart,11,False,none,near,CORRECT
IHLP_DoneFlyingLeftRight,8,False,none,near,CORRECT
IHLP_FlyingMovement,8,False,8,near,CORRECT
IHRP_DoneFlyingLeftRight,8,False,none,near,CORRECT
IHRP_FlyingMovement,8,False,8,near,CORRECT
IncrementFireHold,14,False,14,near,CORRECT
Init4PlayerPositions,11,False,none,near,CORRECT
InitPositionsDone,11,False,11,near,CORRECT
InitializeAnimationSystem,12,False,none,near,CORRECT
InitializeHealthBars,11,False,11,near,CORRECT
InitializeMovementSystem,13,False,none,near,CORRECT
InitializeMovementSystemEnd,13,False,none,near,CORRECT
InitializeMovementSystemStart,13,False,none,near,CORRECT
InitializeSpritePointers,14,True,"11,14",far,CORRECT
InputDoneLeftPortAttack,8,False,none,near,CORRECT
InputDoneLeftPortJump,8,False,none,near,CORRECT
InputDonePlayer0Input,8,False,none,near,CORRECT
InputDonePlayer1Input,8,True,8,near,NEEDS RETURN
InputDonePlayer3Input,8,False,none,near,CORRECT
InputDonePlayer4Input,8,True,none,near,NEEDS RETURN
InputDoneRightPortAttack,8,False,none,near,CORRECT
InputDoneRightPortJump,8,False,none,near,CORRECT
InputHandleAllPlayers,8,True,11,far,CORRECT
InputHandleAllPlayersEnd,8,False,none,near,CORRECT
InputHandleAllPlayersStart,8,False,none,near,CORRECT
InputHandleLeftPortPlayerFunction,8,False,8,near,CORRECT
InputHandleLeftPortPlayerFunctionEnd,8,False,none,near,CORRECT
InputHandleLeftPortPlayerFunctionStart,8,False,none,near,CORRECT
InputHandlePlayer1,8,False,8,near,CORRECT
InputHandleQuadtariPlayers,8,False,8,near,CORRECT
InputHandleRightPortPlayerFunction,8,False,8,near,CORRECT
InputHandleRightPortPlayerFunctionEnd,8,False,none,near,CORRECT
InputHandleRightPortPlayerFunctionStart,8,False,none,near,CORRECT
InterworldlySongEnd,1,False,none,near,CORRECT
InterworldlySongStart,1,False,none,near,CORRECT
IsChaotica,15,False,15,near,CORRECT
IsCharacterMelee,13,False,none,near,CORRECT
IsCharacterMeleeEnd,13,False,none,near,CORRECT
IsCharacterMeleeStart,13,False,none,near,CORRECT
IsCharacterRanged,13,False,none,near,CORRECT
IsCharacterRangedEnd,13,False,none,near,CORRECT
IsCharacterRangedStart,13,False,none,near,CORRECT
IsEliminatedDone,13,True,13,near,NEEDS RETURN
IsPlayerAlive,13,True,8,far,CORRECT
IsPlayerAliveEnd,13,False,none,near,CORRECT
IsPlayerAliveStart,13,False,none,near,CORRECT
IsPlayerEliminated,13,True,14,far,CORRECT
IsPlayerEliminatedEnd,13,False,none,near,CORRECT
IsPlayerEliminatedStart,13,False,none,near,CORRECT
Joy2bPauseDone,14,False,none,near,CORRECT
KnightGuyAttackActive,7,False,none,near,CORRECT
KnightGuyDataEnd,2,False,none,near,CORRECT
KnightGuyDataStart,2,False,none,near,CORRECT
KnightGuyFrameMap,2,False,none,near,CORRECT
KnightGuyFrames,2,False,none,near,CORRECT
KnightGuySetPosition,7,False,7,near,CORRECT
KnightGuySetY,7,False,7,near,CORRECT
KnightGuySwingLeft,7,False,none,near,CORRECT
KnightGuySwingOut,7,False,none,near,CORRECT
KnockbackDone,7,False,7,near,CORRECT
KnockbackRight,7,False,7,near,CORRECT
LAR_LoadBWColors,16,False,16,near,CORRECT
LA_LoadBWColors,16,False,16,near,CORRECT
LA_LoadColorColors,16,False,16,near,CORRECT
LoadArena,16,True,11,far,CORRECT
LoadArenaByIndex,16,True,"14,16",far,CORRECT
LoadArenaColorsBW,16,False,16,near,CORRECT
LoadArenaColorsColor,16,True,"14,16",far,CORRECT
LoadArenaDispatch,16,False,none,near,CORRECT
LoadArenaRandom,16,True,none,near,NEEDS RETURN
LoadCharacterColors,14,True,6,far,CORRECT
LoadCharacterSprite,16,True,"6,14,16",far,CORRECT
LoadPlayerSprite,16,True,12,far,CORRECT
LoadSongFromBank15,15,False,15,near,CORRECT
LoadSongPointersDone,15,False,15,near,CORRECT
LoadSoundNote,15,False,15,near,CORRECT
LoadSoundNote1,15,False,15,near,CORRECT
LoadSoundNote1End,15,False,none,near,CORRECT
LoadSoundNote1Start,15,False,none,near,CORRECT
LoadSoundNoteEnd,15,False,none,near,CORRECT
LoadSoundNoteStart,15,False,none,near,CORRECT
LoadSoundPointer,15,False,15,near,CORRECT
LoadSoundPointerEnd,15,False,none,near,CORRECT
LoadSoundPointerOutOfRange,15,False,15,near,CORRECT
LoadSoundPointerReturn,15,True,15,near,NEEDS RETURN
LoadSoundPointerStart,15,False,none,near,CORRECT
LoadTitleBitmap,9,False,none,near,CORRECT
LocateCharacterArt,9,True,16,far,CORRECT
LowResSongEnd,1,False,none,near,CORRECT
LowResSongStart,1,False,none,near,CORRECT
MPT_CheckCollision,6,False,6,near,CORRECT
MPT_NudgeLeft,6,False,6,near,CORRECT
MPT_NudgeRight,6,False,6,near,CORRECT
MagicalFairyForceSongEnd,15,False,none,near,CORRECT
MagicalFairyForceSongStart,15,False,none,near,CORRECT
MainLoop,16,True,"14,16",far,CORRECT
MainLoopContinue,16,False,none,near,CORRECT
MainLoopDrawScreen,16,False,none,near,CORRECT
MainLoopModeArenaSelect,16,False,none,near,CORRECT
MainLoopModeAuthorPrelude,16,False,none,near,CORRECT
MainLoopModeCharacterSelect,16,False,none,near,CORRECT
MainLoopModeFallingAnimation,16,False,none,near,CORRECT
MainLoopModeGameMain,16,False,none,near,CORRECT
MainLoopModePublisherPrelude,16,False,16,near,CORRECT
MainLoopModeTitleScreen,16,False,none,near,CORRECT
MainLoopModeWinnerAnnouncement,16,False,none,near,CORRECT
MegaxDataEnd,2,False,none,near,CORRECT
MegaxDataStart,2,False,none,near,CORRECT
MegaxFrameMap,2,False,none,near,CORRECT
MegaxFrames,2,False,none,near,CORRECT
MegaxMissileActive,7,False,none,near,CORRECT
MeleeHitbox,7,False,7,near,CORRECT
MethHoundDataEnd,5,False,none,near,CORRECT
MethHoundDataStart,5,False,none,near,CORRECT
MethHoundFrameMap,5,False,none,near,CORRECT
MethHoundFrames,5,False,none,near,CORRECT
MissileCharacterHandlersEnd,7,False,none,near,CORRECT
MissileCharacterHandlersStart,7,False,none,near,CORRECT
MissileCheckNextPlayer,7,False,7,near,CORRECT
MissileCollPF,8,True,7,far,CORRECT
MissileCollisionEnd,8,False,none,near,CORRECT
MissileCollisionReturn,7,False,7,near,CORRECT
MissileCollisionStart,8,False,none,near,CORRECT
MissileDamageDone,7,False,7,near,CORRECT
MissileSysPF,7,False,none,near,CORRECT
MissileSystemEnd,7,False,none,near,CORRECT
MissileSystemNoHit,7,False,7,near,CORRECT
MissileSystemStart,7,False,none,near,CORRECT
MissileUpdateComplete,7,False,7,near,CORRECT
MomentumRecoveryDecayNegative,8,False,none,near,CORRECT
MomentumRecoveryLoop,8,False,8,near,CORRECT
MomentumRecoveryNext,8,True,8,near,NEEDS RETURN
MomentumRecoveryProcess,8,False,none,near,CORRECT
MoveParadeCharacter,14,True,14,near,NEEDS RETURN
MovePlayerToTarget,6,True,11,far,CORRECT
MovePlayerToTargetEnd,6,False,none,near,CORRECT
MovePlayerToTargetStart,6,False,none,near,CORRECT
MusicBankHelpers15End,15,False,none,near,CORRECT
MusicBankHelpers15Start,15,False,none,near,CORRECT
MusicBankHelpersEnd,1,False,none,near,CORRECT
MusicBankHelpersStart,1,False,none,near,CORRECT
MusicSystemEnd,15,False,none,near,CORRECT
MusicSystemStart,15,False,none,near,CORRECT
NefertemDataEnd,3,False,none,near,CORRECT
NefertemDataStart,3,False,none,near,CORRECT
NefertemFrameMap,3,False,none,near,CORRECT
NefertemFrames,3,False,none,near,CORRECT
NextAttacker,7,True,none,near,NEEDS RETURN
NextDefender,7,False,none,near,CORRECT
NinjishGuyDataEnd,3,False,none,near,CORRECT
NinjishGuyDataStart,3,False,none,near,CORRECT
NinjishGuyFrameMap,3,False,none,near,CORRECT
NinjishGuyFrames,3,False,none,near,CORRECT
NoCollision,13,True,none,near,NEEDS RETURN
NoHit,7,False,none,near,CORRECT
NormalColorState,14,True,14,near,NEEDS RETURN
NudgePlayerFromPlayfield,6,False,6,near,CORRECT
OCascadiaSongEnd,15,False,none,near,CORRECT
OCascadiaSongStart,15,False,none,near,CORRECT
P1SetPattern,11,False,11,near,CORRECT
P2SetPattern,11,True,11,near,NEEDS RETURN
P3ConvertHealth,11,False,11,near,CORRECT
P3UseAA,11,False,11,near,CORRECT
P4ConvertHealth,11,False,11,near,CORRECT
P4GetHealth,11,False,11,near,CORRECT
P4UseAA,11,False,11,near,CORRECT
PAG_SetRoboTitoStretchPermission,13,True,13,near,NEEDS RETURN
PAI_ExecuteAttack,10,True,10,near,NEEDS RETURN
PAI_UseJoy0,10,True,none,near,NEEDS RETURN
PBC_CheckActivePlayer,10,False,10,near,CORRECT
PBC_NextPlayer,10,True,10,near,NEEDS RETURN
PBC_ProcessPlayer,10,False,10,near,CORRECT
PCR_ApplyImpulse,11,False,11,near,CORRECT
PCR_ApplyImpulseLeft,11,False,11,near,CORRECT
PCR_ApplyImpulseRight,11,False,11,near,CORRECT
PCR_CheckDistance,11,False,11,near,CORRECT
PCR_CheckP1Active,11,False,none,near,CORRECT
PCR_CheckP2Active,11,False,none,near,CORRECT
PCR_CheckPair,11,False,11,near,CORRECT
PCR_Div128_1,11,False,11,near,CORRECT
PCR_Div128_2,11,False,11,near,CORRECT
PCR_Div32_1,11,False,11,near,CORRECT
PCR_Div32_2,11,False,11,near,CORRECT
PCR_Div64_1,11,False,11,near,CORRECT
PCR_Div64_2,11,False,11,near,CORRECT
PCR_ImpulseDone,11,False,11,near,CORRECT
PCR_ImpulseDone_1,11,False,11,near,CORRECT
PCR_ImpulseDone_2,11,False,11,near,CORRECT
PCR_ImpulseRightDir,11,False,11,near,CORRECT
PCR_InnerLoop,11,False,11,near,CORRECT
PCR_NextInner,11,False,11,near,CORRECT
PCR_NextOuter,11,True,11,near,NEEDS RETURN
PCR_OuterLoop,11,True,11,near,NEEDS RETURN
PCR_SepLeft,11,False,11,near,CORRECT
PCR_SkipElse,11,False,11,near,CORRECT
PFBlockDown,10,True,10,near,NEEDS RETURN
PFBlockUp,10,False,10,near,CORRECT
PFBlockUpClamp,10,False,10,near,CORRECT
PFCS_Advance,10,False,10,near,CORRECT
PFCS_Done,10,True,10,near,NEEDS RETURN
PFCS_SampleLoop,10,False,10,near,CORRECT
PFCheckDown_Body,10,True,10,near,NEEDS RETURN
PFCheckRight,10,False,10,near,CORRECT
PFCheckUp,10,False,10,near,CORRECT
PF_CheckColumnSpan,10,False,10,near,CORRECT
PF_CheckRowColumns,10,False,10,near,CORRECT
PF_ProcessHorizontalCollision,10,False,10,near,CORRECT
PHC_CheckRightVelocity,10,False,10,near,CORRECT
PHC_ClampOnly,10,True,10,near,NEEDS RETURN
PHC_ClampRight,10,True,10,near,NEEDS RETURN
PJI_BernieFallThrough,8,True,8,near,NEEDS RETURN
PJI_CheckJoy0Down,8,True,8,near,NEEDS RETURN
PJI_HarpyFlap,8,True,8,near,NEEDS RETURN
PJI_RoboTitoAscend,8,False,8,near,CORRECT
PJI_RoboTitoLatch,8,True,8,near,NEEDS RETURN
PJI_ZoeJumpCheck,8,True,8,near,NEEDS RETURN
PRC_CheckLeft,10,False,10,near,CORRECT
PRC_CheckRight,10,False,10,near,CORRECT
PRC_Done,10,True,10,near,NEEDS RETURN
PSM_AfterLeftSet0,13,False,13,near,CORRECT
PSM_AfterLeftSet1,13,False,13,near,CORRECT
PSM_AfterRightSet0,13,False,13,near,CORRECT
PSM_AfterRightSet1,13,False,13,near,CORRECT
PSM_CheckRightJoy0,13,False,13,near,CORRECT
PSM_CheckRightJoy1,13,False,13,near,CORRECT
PSM_InlineDoneLeft,13,False,13,near,CORRECT
PSM_InlineDoneLeft0,13,False,13,near,CORRECT
PSM_InlineDoneRight0,13,False,13,near,CORRECT
PSM_InlineDoneRight1,13,False,13,near,CORRECT
PSM_InlineNoLeft,13,False,none,near,CORRECT
PSM_InlineNoLeft0,13,False,none,near,CORRECT
PSM_InlineNoRight0,13,False,none,near,CORRECT
PSM_InlineNoRight1,13,False,none,near,CORRECT
PSM_InlineYesLeft,13,False,none,near,CORRECT
PSM_InlineYesLeft0,13,False,none,near,CORRECT
PSM_InlineYesRight0,13,False,none,near,CORRECT
PSM_InlineYesRight1,13,False,none,near,CORRECT
PSM_LeftMomentum0,13,False,none,near,CORRECT
PSM_LeftMomentum1,13,False,none,near,CORRECT
PSM_RightMomentum0,13,False,none,near,CORRECT
PSM_RightMomentum1,13,False,none,near,CORRECT
PSM_UseJoy0,13,False,13,near,CORRECT
PUI_BernieFallThrough,8,False,8,near,CORRECT
PUI_CheckJoy0Down,8,False,8,near,CORRECT
PUI_DoneJumpInput,8,False,8,near,CORRECT
PUI_DoneUpInputHandling,8,False,8,near,CORRECT
PUI_HarpyFlap,8,False,8,near,CORRECT
PUI_NormalJumpInput,8,False,8,near,CORRECT
PUI_ProcessUp,8,False,8,near,CORRECT
PUI_RoboTitoAscend,8,False,8,near,CORRECT
PUI_RoboTitoLatch,8,False,8,near,CORRECT
PUI_UseJoy0,8,False,8,near,CORRECT
ParadeCharacterLeft,14,True,none,near,NEEDS RETURN
PauseNotPressed,13,True,none,near,NEEDS RETURN
PerformMeleeAttack,7,True,10,far,CORRECT
PerformMeleeAttackEnd,7,False,none,near,CORRECT
PerformMeleeAttackStart,7,False,none,near,CORRECT
PerformRangedAttack,7,True,10,far,CORRECT
PerformRangedAttackEnd,7,False,none,near,CORRECT
PerformRangedAttackStart,7,False,none,near,CORRECT
PhysicsApplyGravity,13,True,11,far,CORRECT
PlayDamageSound,7,False,7,near,CORRECT
PlayMusic,15,True,"14,15,16",far,CORRECT
PlaySoundEffect,15,True,"6,7,8,9,13,14",far,CORRECT
PlaySoundEffectEnd,15,False,none,near,CORRECT
PlaySoundEffectStart,15,False,none,near,CORRECT
Player1ColorDone,6,False,none,near,CORRECT
Player1PauseDone,13,True,13,near,NEEDS RETURN
Player1Target4P,11,False,none,near,CORRECT
Player1TargetDone,11,False,11,near,CORRECT
Player2ColorDone,6,False,none,near,CORRECT
Player2PauseDone,13,True,13,near,NEEDS RETURN
Player2Target4P,11,False,none,near,CORRECT
Player2TargetDone,11,False,11,near,CORRECT
Player3ColorDone,6,False,none,near,CORRECT
Player4ColorDone,6,False,none,near,CORRECT
PlayerBoundaryCollisionsEnd,10,False,none,near,CORRECT
PlayerBoundaryCollisionsStart,10,False,none,near,CORRECT
PlayerCollisionResolutionEnd,11,False,none,near,CORRECT
PlayerCollisionResolutionStart,11,False,none,near,CORRECT
PlayerDies,7,False,7,near,CORRECT
PlayerHealthInitDone,11,False,11,near,CORRECT
PlayerLockedHelpersEnd,6,False,none,near,CORRECT
PlayerLockedHelpersStart,6,False,none,near,CORRECT
PlayerPhysicsGravityEnd,13,False,none,near,CORRECT
PlayerPhysicsGravityStart,13,False,none,near,CORRECT
PlayerPlayfieldCollisionsEnd,10,False,none,near,CORRECT
PlayerPlayfieldCollisionsStart,10,False,none,near,CORRECT
PlayerPreviewSetPosition,6,True,"6,14",far,CORRECT
PlayfieldCollisionDone,7,False,7,near,CORRECT
PlayfieldRead,16,True,"6,7,8,10,12,13",far,CORRECT
PorkChopDataEnd,3,False,none,near,CORRECT
PorkChopDataStart,3,False,none,near,CORRECT
PorkChopFrameMap,3,False,none,near,CORRECT
PorkChopFrames,3,False,none,near,CORRECT
ProcessAllAttacks,7,True,11,far,CORRECT
ProcessAttackInput,10,True,8,far,CORRECT
ProcessAttackInputEnd,10,False,none,near,CORRECT
ProcessAttackInputStart,10,False,none,near,CORRECT
ProcessAttackerAttacks,7,False,7,near,CORRECT
ProcessCollision,11,False,11,near,CORRECT
ProcessJumpInput,8,False,8,near,CORRECT
ProcessJumpInputEnd,8,False,none,near,CORRECT
ProcessJumpInputStart,8,False,none,near,CORRECT
ProcessPlayerInput,9,False,9,near,CORRECT
ProcessStandardMovement,13,True,8,far,CORRECT
ProcessStandardMovementEnd,13,False,none,near,CORRECT
ProcessStandardMovementStart,13,False,none,near,CORRECT
ProcessUpInput,8,False,8,near,CORRECT
ProcessUpInputEnd,8,False,none,near,CORRECT
ProcessUpInputStart,8,False,none,near,CORRECT
ProjectileHitbox,7,False,7,near,CORRECT
PublisherPreludeComplete,14,True,14,near,NEEDS RETURN
PublisherPreludeMain,14,True,16,far,CORRECT
RAU_LoadBWColors,14,False,14,near,CORRECT
RGBGB_Apply,12,False,12,near,CORRECT
RGBGB_CalcBounce,12,False,12,near,CORRECT
RGBGB_CheckEnhanced0,12,False,12,near,CORRECT
RGBGB_CheckStick,12,False,12,near,CORRECT
RGBGB_ClearCheck,12,True,12,near,NEEDS RETURN
RGBGB_ClearState,12,False,12,near,CORRECT
RGBGB_ClearState2,12,True,12,near,NEEDS RETURN
RGBGB_DoneApply,12,True,none,near,NEEDS RETURN
RGBGB_StickJoy0,12,False,none,near,CORRECT
RGHI_AfterLeft,12,False,12,near,CORRECT
RGHI_CheckRight,12,True,12,near,NEEDS RETURN
RGHI_CheckRightJoy0,12,True,12,near,NEEDS RETURN
RGHI_Joy0,12,False,12,near,CORRECT
RGHI_Left,12,False,12,near,CORRECT
RGHI_Right,12,True,12,near,NEEDS RETURN
RGHI_SPF_No1,12,False,12,near,CORRECT
RGHI_SPF_No2,12,True,12,near,NEEDS RETURN
RMF_MissileActive,6,True,6,near,NEEDS RETURN
RRTM_CheckStretch,6,True,none,near,NEEDS RETURN
RRTM_ReadStretchHeight,6,True,none,near,NEEDS RETURN
RTL_HeightCleared,10,True,10,near,NEEDS RETURN
RTL_ReduceHeight,10,False,10,near,CORRECT
RadishGoblinCheckGroundBounce,12,True,11,far,CORRECT
RadishGoblinCheckWallBounce,12,True,11,far,CORRECT
RadishGoblinDataEnd,3,False,none,near,CORRECT
RadishGoblinDataStart,3,False,none,near,CORRECT
RadishGoblinFrameMap,3,False,none,near,CORRECT
RadishGoblinFrames,3,False,none,near,CORRECT
RadishGoblinHandleInput,12,False,none,near,CORRECT
RadishGoblinHandleStickDown,12,False,none,near,CORRECT
RadishGoblinHandleStickDownRelease,12,False,none,near,CORRECT
ReadEnhancedButtons,11,False,11,near,CORRECT
ReadPlayers12,13,True,none,near,NEEDS RETURN
ReadPlayers34,13,True,none,near,NEEDS RETURN
ReadZero,16,False,none,near,CORRECT
ReloadArenaColors,14,True,13,far,CORRECT
ReloadArenaColorsDispatch,14,False,none,near,CORRECT
ReloadArenaColorsNow,13,True,none,near,NEEDS RETURN
RenderMissileForParticipant,6,False,6,near,CORRECT
RenderMissilePair,6,True,6,near,NEEDS RETURN
RenderMissilesOddFrame,6,False,6,near,CORRECT
RenderMissilesTwoPlayer,6,False,6,near,CORRECT
RenderPlayerPreview,6,True,"6,14",far,CORRECT
RenderPlayerPreviewDefault,6,False,6,near,CORRECT
RenderPlayerPreviewInvoke,6,True,6,near,NEEDS RETURN
RenderRoboTitoStretchMissile,6,False,6,near,CORRECT
RestoreNormalPlayerColor,6,False,none,near,CORRECT
RestoreNormalPlayerColorEnd,6,False,none,near,CORRECT
RestoreNormalPlayerColorStart,6,False,none,near,CORRECT
ReturnToCharacterSelect,14,False,14,near,CORRECT
RevontuliSongEnd,15,False,none,near,CORRECT
RevontuliSongStart,15,False,none,near,CORRECT
RoboTitoCanStretch,10,False,10,near,CORRECT
RoboTitoCannotStretch,10,True,10,near,NEEDS RETURN
RoboTitoCheckCeiling,10,True,10,near,NEEDS RETURN
RoboTitoDataEnd,3,False,none,near,CORRECT
RoboTitoDataStart,3,False,none,near,CORRECT
RoboTitoDown,13,True,12,far,CORRECT
RoboTitoFrameMap,3,False,none,near,CORRECT
RoboTitoFrames,3,False,none,near,CORRECT
RoboTitoInitiateDrop,13,False,none,near,CORRECT
RoboTitoJump,10,False,10,near,CORRECT
RoboTitoJumpEnd,10,False,none,near,CORRECT
RoboTitoJumpStart,10,False,none,near,CORRECT
RoboTitoLatch,10,False,10,near,CORRECT
RoboTitoSongEnd,1,False,none,near,CORRECT
RoboTitoSongStart,1,False,none,near,CORRECT
RoboTitoStretching,10,False,none,near,CORRECT
RoboTitoVoluntaryDrop,13,True,none,near,NEEDS RETURN
Roll,14,True,none,near,NEEDS RETURN
SSP_WriteMissileRegisters,6,False,6,near,CORRECT
SSP_WriteMissileRegistersUnified,6,False,6,near,CORRECT
SSP_WriteStretchMissile,6,False,6,near,CORRECT
SSP_WriteUnified0,6,False,6,near,CORRECT
ScreenLayoutEnd,10,False,none,near,CORRECT
ScreenLayoutStart,10,False,none,near,CORRECT
SelectApplyPlayerColor,6,False,6,near,CORRECT
SelectApplyPlayerColorP0,6,False,6,near,CORRECT
SelectApplyPlayerColorP1,6,False,none,near,CORRECT
SelectApplyPlayerColorP2,6,False,none,near,CORRECT
SelectApplyPlayerColorP3,6,False,none,near,CORRECT
SelectApplyPreviewPosition,6,False,6,near,CORRECT
SelectApplyPreviewPositionP0,6,False,6,near,CORRECT
SelectApplyPreviewPositionP1,6,False,none,near,CORRECT
SelectApplyPreviewPositionP2,6,False,none,near,CORRECT
SelectApplyPreviewPositionP3,6,False,none,near,CORRECT
SelectDrawScreen,6,True,9,far,CORRECT
SelectDrawScreenLoop,6,True,6,near,NEEDS RETURN
SelectHideLowerPlayerPreviews,6,True,"6,14",far,CORRECT
SelectRenderPlayerPreview,6,False,6,near,CORRECT
SelectSetPlayerColorHandicap,6,False,6,near,CORRECT
SelectSetPlayerColorUnlocked,6,False,6,near,CORRECT
SelectStickLeft,6,False,none,near,CORRECT
SelectStickRight,6,False,none,near,CORRECT
SelectUpdateAnimationLoop,6,False,6,near,CORRECT
SelectUpdateAnimationNext,6,True,6,near,NEEDS RETURN
SelectUpdateAnimations,6,True,"9,14",far,CORRECT
SelectUpdatePlayerAnimation,6,False,6,near,CORRECT
SetAuthorWindowValues,14,False,14,near,CORRECT
SetFontNumbers,16,False,none,near,CORRECT
SetGameScreenLayout,10,False,none,near,CORRECT
SetGlyph,16,True,14,far,CORRECT
SetHorizontalMomentumRight,8,False,8,near,CORRECT
SetInfiniteFallDistance,8,True,8,near,NEEDS RETURN
SetPlayerAnimation,12,True,"7,12",far,CORRECT
SetPlayerGlyph,16,False,16,near,CORRECT
SetPlayerGlyphDirectMode,16,False,16,near,CORRECT
SetPlayerGlyphP0,16,False,16,near,CORRECT
SetPlayerGlyphP1,16,False,none,near,CORRECT
SetPlayerGlyphP2,16,False,none,near,CORRECT
SetPlayerGlyphP3,16,False,none,near,CORRECT
SetPlayerGlyphP4,16,False,none,near,CORRECT
SetPlayerGlyphP5,16,False,none,near,CORRECT
SetPlayerLocked,6,True,"6,9",far,CORRECT
SetPlayerLockedApply,6,True,6,near,NEEDS RETURN
SetPlayerLockedUseTemp,6,False,6,near,CORRECT
SetPlayerSprites,6,True,11,far,CORRECT
SetPlayerSpritesEnd,6,False,none,near,CORRECT
SetPlayerSpritesStart,6,False,none,near,CORRECT
SetPublisherWindowValues,14,False,14,near,CORRECT
SetScoreBytes,11,False,11,near,CORRECT
SetSpritePositions,6,True,11,far,CORRECT
SetSpritePositionsEnd,6,False,none,near,CORRECT
SetSpritePositionsRenderMissiles,6,False,6,near,CORRECT
SetSpritePositionsRenderPair,6,False,6,near,CORRECT
SetSpritePositionsStart,6,False,none,near,CORRECT
SetTitleWindowValues,14,False,14,near,CORRECT
SetVerticalMomentum,8,True,8,near,NEEDS RETURN
SetupArenaSelect,14,True,none,near,NEEDS RETURN
SetupAttract,14,True,none,near,NEEDS RETURN
SetupAuthorPrelude,14,True,none,near,NEEDS RETURN
SetupCharacterSelect,14,True,none,near,NEEDS RETURN
SetupFallingAnimation,14,True,none,near,NEEDS RETURN
SetupGame,14,True,none,near,NEEDS RETURN
SetupPublisherPrelude,14,True,14,near,NEEDS RETURN
SetupTitle,14,True,none,near,NEEDS RETURN
SetupWinner,14,True,none,near,NEEDS RETURN
ShamoneAttack,10,False,10,near,CORRECT
ShamoneAttackEnd,10,False,none,near,CORRECT
ShamoneAttackStart,10,False,none,near,CORRECT
ShamoneDataEnd,3,False,none,near,CORRECT
ShamoneDataStart,3,False,none,near,CORRECT
ShamoneFrameMap,3,False,none,near,CORRECT
ShamoneFrames,3,False,none,near,CORRECT
SkipMusicUpdate,16,False,none,near,CORRECT
SkipPlayer4,11,True,11,near,NEEDS RETURN
SkipReturnToCharacterSelect,14,False,14,near,CORRECT
SkipTens,14,False,14,near,CORRECT
SongOfTheBearSongEnd,1,False,none,near,CORRECT
SongOfTheBearSongStart,1,False,none,near,CORRECT
SongPointers1End,1,False,none,near,CORRECT
SongPointers1Start,1,False,none,near,CORRECT
SongPointers2End,15,False,none,near,CORRECT
SongPointers2Start,15,False,none,near,CORRECT
SoundAttackHitEnd,15,False,none,near,CORRECT
SoundAttackHitStart,15,False,none,near,CORRECT
SoundGuardBlockEnd,15,False,none,near,CORRECT
SoundGuardBlockStart,15,False,none,near,CORRECT
SoundJumpEnd,15,False,none,near,CORRECT
SoundJumpStart,15,False,none,near,CORRECT
SoundLandingDamageEnd,15,False,none,near,CORRECT
SoundLandingDamageStart,15,False,none,near,CORRECT
SoundLandingSafeEnd,15,False,none,near,CORRECT
SoundLandingSafeStart,15,False,none,near,CORRECT
SoundMenuNavigateEnd,15,False,none,near,CORRECT
SoundMenuNavigateStart,15,False,none,near,CORRECT
SoundMenuSelectEnd,15,False,none,near,CORRECT
SoundMenuSelectStart,15,False,none,near,CORRECT
SoundPlayerEliminatedEnd,15,False,none,near,CORRECT
SoundPlayerEliminatedStart,15,False,none,near,CORRECT
SoundPointersEnd,15,False,none,near,CORRECT
SoundPointersStart,15,False,none,near,CORRECT
SoundPowerupEnd,15,False,none,near,CORRECT
SoundPowerupStart,15,False,none,near,CORRECT
SoundSpecialMoveEnd,15,False,none,near,CORRECT
SoundSpecialMoveStart,15,False,none,near,CORRECT
SpawnMissile,7,True,"7,8,10",far,CORRECT
SpriteLoaderCharacterArtEnd,9,False,none,near,CORRECT
SpriteLoaderCharacterArtStart,9,False,none,near,CORRECT
SquareTable,8,False,none,near,CORRECT
StandardGuard,13,True,12,far,CORRECT
StandardJump,12,True,10,far,CORRECT
StartGame1,14,False,14,near,CORRECT
StartGuard,6,False,none,near,CORRECT
StartGuardEnd,6,False,none,near,CORRECT
StartGuardStart,6,False,none,near,CORRECT
StartMusic,15,True,14,far,CORRECT
StartNewParadeCharacter,14,False,none,near,CORRECT
StopMusic,15,True,none,near,NEEDS RETURN
StopSoundEffects,15,False,none,near,CORRECT
StopSoundEffectsEnd,15,False,none,near,CORRECT
StopSoundEffectsStart,15,False,none,near,CORRECT
TitleDoneQuad,14,True,none,near,NEEDS RETURN
TitleScreenComplete,14,True,none,near,NEEDS RETURN
TitleScreenMain,14,True,16,far,CORRECT
TitleScreenRenderEnd,9,False,none,near,CORRECT
TitleScreenRenderStart,9,False,none,near,CORRECT
TitlescreenAsmEnd,9,False,none,near,CORRECT
TitlescreenAsmStart,9,False,none,near,CORRECT
TitlescreenColorsEnd,9,False,none,near,CORRECT
TitlescreenColorsStart,9,False,none,near,CORRECT
ToggleBWDone,13,True,13,near,NEEDS RETURN
TransitionHandleFallBack,12,False,none,near,CORRECT
TransitionHandleFallBack_HitWall,12,False,none,near,CORRECT
TransitionHandleJump,12,False,none,near,CORRECT
TransitionHandleJump_TransitionToFalling,12,False,none,near,CORRECT
TransitionLoopAnimation,12,False,12,near,CORRECT
TransitionToFallen,12,False,none,near,CORRECT
TransitionToIdle,12,False,none,near,CORRECT
TransitionToWinner,11,True,none,near,NEEDS RETURN
TriggerEliminationEffects,13,True,14,far,CORRECT
TriggerEliminationEffectsEnd,13,False,none,near,CORRECT
TriggerEliminationEffectsStart,13,False,none,near,CORRECT
TryVoice1,15,True,none,near,NEEDS RETURN
UpdateAllMissiles,7,True,11,far,CORRECT
UpdateAttackCooldownSkip,12,True,none,near,NEEDS RETURN
UpdateAttackCooldowns,12,True,11,far,CORRECT
UpdateCharacterAnimations,12,True,11,far,CORRECT
UpdateCharacterParade,14,False,14,near,CORRECT
UpdateFramePhase,6,False,none,near,CORRECT
UpdateGuardTimerActive,6,True,none,near,NEEDS RETURN
UpdateGuardTimers,6,True,11,far,CORRECT
UpdateGuardTimersEnd,6,False,none,near,CORRECT
UpdateGuardTimersStart,6,False,none,near,CORRECT
UpdateHealthBarPlayer0,6,False,6,near,CORRECT
UpdateHealthBarPlayer1,6,False,6,near,CORRECT
UpdateMusicVoice0,15,False,15,near,CORRECT
UpdateMusicVoice1,15,False,15,near,CORRECT
UpdateOneMissile,7,False,7,near,CORRECT
UpdatePlayer12HealthBars,11,False,11,near,CORRECT
UpdatePlayer1HealthBar,11,False,11,near,CORRECT
UpdatePlayer2HealthBar,11,False,11,near,CORRECT
UpdatePlayer34HealthBars,11,False,11,near,CORRECT
UpdatePlayerAnimation,12,False,12,near,CORRECT
UpdatePlayerMovement,8,True,11,far,CORRECT
UpdatePlayerMovementEnd,8,False,none,near,CORRECT
UpdatePlayerMovementQuadtariSkip,8,True,8,near,NEEDS RETURN
UpdatePlayerMovementSingle,8,False,8,near,CORRECT
UpdatePlayerMovementSingleEnd,8,False,none,near,CORRECT
UpdatePlayerMovementSingleStart,8,False,none,near,CORRECT
UpdatePlayerMovementStart,8,False,none,near,CORRECT
UpdatePlayers34ActiveDone,14,False,none,near,CORRECT
UpdatePlayers34ActiveFlag,14,False,14,near,CORRECT
UpdatePlayers34Done,14,False,14,near,CORRECT
UpdateQuadIn,13,True,none,near,NEEDS RETURN
UpdateSingleGuardTimer,6,False,6,near,CORRECT
UpdateSingleGuardTimerEnd,6,False,none,near,CORRECT
UpdateSingleGuardTimerStart,6,False,none,near,CORRECT
UpdateSoundEffect,15,True,11,far,CORRECT
UpdateSoundEffectEnd,15,False,none,near,CORRECT
UpdateSoundEffectStart,15,False,none,near,CORRECT
UpdateSoundEffectVoice0,15,False,15,near,CORRECT
UpdateSoundEffectVoice0End,15,False,none,near,CORRECT
UpdateSoundEffectVoice0Start,15,False,none,near,CORRECT
UpdateSoundEffectVoice1,15,False,15,near,CORRECT
UpdateSoundEffectVoice1End,15,False,none,near,CORRECT
UpdateSoundEffectVoice1Start,15,False,none,near,CORRECT
UpdateSprite,12,False,12,near,CORRECT
UrsuloAttack,10,False,none,near,CORRECT
UrsuloAttackEnd,10,False,none,near,CORRECT
UrsuloAttackStart,10,False,none,near,CORRECT
UrsuloDataEnd,3,False,none,near,CORRECT
UrsuloDataStart,3,False,none,near,CORRECT
UrsuloFrameMap,3,False,none,near,CORRECT
UrsuloFrames,3,False,none,near,CORRECT
VelocityDone,7,False,7,near,CORRECT
VelocityYCarry,13,False,none,near,CORRECT
WarmStart,13,True,16,far,CORRECT
WeightBasedKnockbackApply,7,False,7,near,CORRECT
WeightBasedKnockbackScale,7,False,7,near,CORRECT
WeightMultDone,8,True,8,near,NEEDS RETURN
WinnerAdvanceToCharacterSelect,14,False,none,near,CORRECT
WinnerAnnouncementLoop,14,True,16,far,CORRECT
WinnerScreenColorsColor,16,False,none,near,CORRECT
WinnerScreenPlayfield,16,False,none,near,CORRECT
XDistanceDone,13,False,13,near,CORRECT
YDistanceDone,13,True,13,near,NEEDS RETURN
ZoeRyenDataEnd,2,False,none,near,CORRECT
ZoeRyenDataStart,2,False,none,near,CORRECT
ZoeRyenFrameMap,2,False,none,near,CORRECT
ZoeRyenFrames,2,False,none,near,CORRECT
multdone,8,False,none,near,CORRECT
skip_activation2,11,False,11,near,CORRECT
skip_activation3,11,False,11,near,CORRECT
